workflow,actionlint,frizbee,ggshield,pinny,poutine,scharf,scorecard,semgrep,zizmor
airbnb_javascript__node-pretest.yml,1,1,0,2,0,2,3,0,3
airbnb_javascript__node.yml,6,6,0,11,0,11,3,0,18
airbnb_javascript__rebase.yml,1,1,0,2,1,2,3,0,4
airbnb_javascript__require-allow-edits.yml,0,0,0,1,1,1,3,0,3
alibaba_druid__ci.yml,0,3,0,3,0,3,3,0,3
alibaba_ice__canary.yml,0,4,0,4,0,4,3,0,7
alibaba_ice__ci.yml,3,4,0,4,0,4,3,0,3
alibaba_ice__coverage.yml,4,5,0,5,0,5,3,0,3
alibaba_ice__release.yml,2,4,0,4,0,4,3,0,4
alibaba_ice__version.yml,2,4,0,4,0,4,3,0,5
alibaba_ice__website.yml,2,4,0,4,0,4,3,0,4
alibaba_tengine__ci-arm64.yml,2,3,0,3,0,3,3,0,4
alibaba_tengine__ci.yml,4,4,0,4,0,4,3,0,5
alibaba_tengine__test-nginx-core.yml,4,4,0,4,0,4,3,0,5
alibaba_tengine__test-ntls.yml,5,5,0,5,0,5,3,0,6
alibaba_transmittable-thread-local__ci.yml,0,2,0,2,0,2,3,0,2
alibaba_transmittable-thread-local__strong_ci.yml,0,3,0,3,0,3,3,0,3
AUTOMATIC1111_stable-diffusion-webui__on_pull_request.yml,0,4,0,4,0,4,3,0,5
AUTOMATIC1111_stable-diffusion-webui__run_tests.yml,0,5,0,5,0,5,3,0,2
AUTOMATIC1111_stable-diffusion-webui__warns_merge_master.yml,0,0,0,0,0,0,2,0,1
avelino_awesome-go__check-for-spammy-issues.yml,0,1,0,1,0,1,3,0,2
avelino_awesome-go__pull-request-first-comment.yml,0,1,0,1,0,1,3,0,2
avelino_awesome-go__run-check.yml,0,1,0,1,0,1,2,0,1
avelino_awesome-go__site-deploy.yml,0,3,0,3,0,3,2,0,2
avelino_awesome-go__tests.yml,0,1,0,1,0,1,2,0,1
awslabs_amazon-ecr-credential-helper__build.yml,0,5,0,5,0,5,3,0,8
awslabs_amazon-ecr-credential-helper__check-links.yml,0,2,0,2,0,2,3,0,3
awslabs_amazon-ecr-credential-helper__codeql.yml,0,3,0,3,0,3,2,0,1
awslabs_amazon-ecr-credential-helper__new-pull-requests.yml,0,1,0,1,0,1,2,0,1
awslabs_amazon-ecr-credential-helper__review-dependencies.yml,0,2,0,2,0,2,3,0,1
axios_axios__ci.yml,0,4,0,4,0,4,2,0,3
axios_axios__codeql-analysis.yml,0,3,0,3,0,3,2,0,0
axios_axios__depsreview.yml,0,2,0,2,0,2,2,0,0
axios_axios__labeler.yml,0,2,0,2,1,2,3,1,4
axios_axios__notify.yml,0,2,0,2,1,2,3,1,4
axios_axios__npm-tag.yml,0,2,0,2,1,2,3,1,3
axios_axios__pr-guard.yml,0,2,0,2,0,2,3,0,2
axios_axios__pr.yml,0,5,0,6,0,6,3,0,8
axios_axios__publish.yml,1,7,0,8,1,8,3,1,11
axios_axios__sponsors.yml,1,3,0,3,0,3,3,0,5
axios_axios__stale.yml,0,1,0,1,0,1,3,0,0
Chalarangelo_30-seconds-of-code__deploy-production.yml,1,1,0,1,0,1,3,0,2
Chalarangelo_30-seconds-of-code__label.yml,1,1,0,1,0,1,3,0,1
Chalarangelo_30-seconds-of-code__stale.yml,1,1,0,1,0,1,3,0,0
Chalarangelo_30-seconds-of-code__test.yml,1,2,0,2,0,2,2,0,1
d3_d3__deploy.yml,0,6,0,6,0,6,3,0,2
d3_d3__test.yml,0,2,0,2,0,2,3,0,2
denoland_deno__cargo_publish.yml,1,3,0,3,0,3,3,0,6
denoland_deno__ci.yml,9,21,0,21,0,21,3,0,18
denoland_deno__node_compat_test.yml,0,10,0,10,0,10,3,0,11
denoland_deno__npm_publish.yml,0,3,0,3,1,3,2,1,3
denoland_deno__post_publish.yml,2,4,0,4,0,4,3,0,5
denoland_deno__promote_to_release.yml,3,10,0,10,9,11,3,7,21
denoland_deno__start_release.yml,0,2,0,2,1,2,3,1,4
denoland_deno__version_bump.yml,0,3,0,3,1,3,3,1,7
denoland_deno__wpt_epoch.yml,1,3,0,3,0,3,3,0,2
EbookFoundation_free-programming-books__check-urls.yml,0,7,0,7,0,7,2,0,11
EbookFoundation_free-programming-books__comment-pr.yml,1,1,0,1,1,1,3,0,1
EbookFoundation_free-programming-books__detect-conflicting-prs.yml,1,1,0,1,0,1,2,0,3
EbookFoundation_free-programming-books__fpb-lint.yml,0,3,0,3,0,3,2,0,2
EbookFoundation_free-programming-books__issues-pinner.yml,0,2,0,2,0,2,2,0,2
EbookFoundation_free-programming-books__rtl-ltr-linter.yml,0,4,0,4,0,4,2,0,6
EbookFoundation_free-programming-books__stale.yml,0,1,0,1,0,1,3,0,0
electron_electron__archaeologist-dig.yml,0,0,0,3,0,0,2,0,6
electron_electron__audit-branch-ci.yml,0,0,0,2,0,0,2,0,0
electron_electron__branch-created.yml,0,0,0,5,0,0,1,0,2
electron_electron__build-git-cache.yml,3,0,0,3,0,0,2,0,7
electron_electron__build.yml,11,0,0,5,3,0,2,1,30
electron_electron__clean-src-cache.yml,2,0,0,0,0,0,2,0,1
electron_electron__issue-commented.yml,0,0,0,1,1,0,1,0,0
electron_electron__issue-labeled.yml,0,0,0,6,0,0,1,0,0
electron_electron__issue-opened.yml,0,0,0,5,0,1,2,0,0
electron_electron__issue-transferred.yml,0,0,0,2,0,0,1,0,0
electron_electron__issue-unlabeled.yml,0,0,0,2,0,0,1,0,1
electron_electron__linux-publish.yml,2,0,0,1,0,0,2,0,9
electron_electron__macos-publish.yml,2,0,0,1,0,0,2,0,11
electron_electron__non-maintainer-dependency-change.yml,0,0,0,0,0,0,1,0,2
electron_electron__pipeline-electron-build-and-test-and-nan.yml,7,0,0,0,0,0,2,0,6
electron_electron__pipeline-electron-build-and-test.yml,6,0,0,0,0,0,1,0,2
electron_electron__pipeline-electron-docs-only.yml,1,0,0,1,3,0,2,0,1
electron_electron__pipeline-electron-lint.yml,1,0,0,1,4,0,2,0,1
electron_electron__pipeline-segment-electron-build.yml,4,0,0,3,11,0,2,3,9
electron_electron__pipeline-segment-electron-gn-check.yml,1,0,0,2,5,0,2,2,9
electron_electron__pipeline-segment-electron-test.yml,0,0,0,5,0,0,1,2,9
electron_electron__pipeline-segment-node-nan-test.yml,3,0,0,6,10,0,2,2,6
electron_electron__pull-request-labeled.yml,0,0,0,3,1,0,1,0,1
electron_electron__scorecards.yml,0,0,0,4,0,0,1,0,0
electron_electron__semantic.yml,0,0,0,1,0,0,1,0,0
electron_electron__stable-prep-items.yml,0,0,0,2,0,0,1,0,0
electron_electron__stale.yml,0,0,0,4,0,0,1,0,0
electron_electron__windows-publish.yml,2,0,0,1,0,0,2,0,9
excalidraw_excalidraw__autorelease-excalidraw.yml,2,2,0,2,0,2,3,0,2
excalidraw_excalidraw__autorelease-preview.yml,3,5,0,5,3,5,3,0,4
excalidraw_excalidraw__build-docker.yml,1,1,0,1,0,1,3,0,2
excalidraw_excalidraw__cancel.yml,0,1,0,1,0,1,3,0,2
excalidraw_excalidraw__lint.yml,2,2,0,2,0,2,3,0,2
excalidraw_excalidraw__locales-coverage.yml,2,3,0,3,0,3,3,0,3
excalidraw_excalidraw__publish-docker.yml,2,5,0,5,0,5,3,0,6
excalidraw_excalidraw__semantic-pr-title.yml,0,1,0,1,0,1,3,0,2
excalidraw_excalidraw__sentry-production.yml,2,2,0,2,1,2,3,0,2
excalidraw_excalidraw__size-limit.yml,2,3,0,3,0,3,3,0,3
excalidraw_excalidraw__test-coverage-pr.yml,2,3,0,3,0,3,3,0,2
excalidraw_excalidraw__test.yml,0,2,0,2,0,2,3,0,2
f_awesome-chatgpt-prompts__ai_bot.yml,3,3,0,3,0,3,3,0,1
f_awesome-chatgpt-prompts__auto_commands.yml,1,1,0,1,0,1,3,0,1
f_awesome-chatgpt-prompts__csv_linter.yml,2,2,0,2,0,2,3,0,2
f_awesome-chatgpt-prompts__publish.yml,2,3,0,3,0,3,3,0,4
facebook_create-react-app__build-and-test.yml,5,4,0,4,0,4,3,0,8
facebook_create-react-app__e2e-base.yml,2,2,0,2,0,2,3,1,2
facebook_create-react-app__lint.yml,2,2,0,2,0,2,3,0,2
facebook_facebook-android-sdk__needs-attention.yml,1,2,0,2,1,2,3,0,3
facebook_facebook-android-sdk__stale.yml,1,1,0,1,0,1,3,0,1
facebook_facebook-ios-sdk__needs-attention.yml,1,2,0,2,1,2,3,0,3
facebook_facebook-ios-sdk__stale.yml,1,1,0,1,0,1,2,0,0
facebook_fbthrift__getdeps_linux.yml,0,60,0,60,0,60,2,0,1
facebook_fbthrift__getdeps_mac.yml,0,56,0,56,0,56,2,0,1
facebook_fbthrift__getdeps_windows.yml,0,52,0,52,0,52,2,0,1
facebook_folly__getdeps_linux.yml,0,46,0,46,0,46,2,0,1
facebook_folly__getdeps_mac.yml,0,42,0,42,0,42,2,0,1
facebook_folly__getdeps_windows.yml,0,40,0,40,0,40,2,0,1
facebook_folly__oss-build-and-test.yml,0,17,0,17,0,10,3,0,19
facebook_folly__TagIt.yml,0,4,0,4,0,4,2,0,7
facebook_hhvm__ubuntu.yml,3,2,0,2,1,2,3,0,2
facebook_mcrouter__build.yml,0,1,0,1,0,1,3,0,2
facebook_react-native__autorebase.yml,0,2,0,2,0,2,2,0,2
facebook_react-native__bump-podfile-lock.yml,0,1,0,1,0,1,3,0,2
facebook_react-native__cache-reaper.yml,0,1,0,1,0,1,3,0,2
facebook_react-native__check-for-reproducer.yml,1,2,0,2,0,2,3,0,2
facebook_react-native__check-nightly.yml,1,1,0,1,0,1,3,0,4
facebook_react-native__close-pr.yml,1,1,0,1,0,1,2,0,0
facebook_react-native__create-draft-release.yml,1,2,0,2,0,2,3,0,2
facebook_react-native__create-release.yml,0,1,0,1,0,1,3,1,4
facebook_react-native__danger-pr.yml,0,1,0,1,0,1,3,0,2
facebook_react-native__generate-changelog.yml,1,2,0,2,0,2,3,0,2
facebook_react-native__monitor-new-issues.yml,0,2,0,2,0,2,3,0,3
facebook_react-native__needs-attention.yml,0,2,0,2,0,2,2,0,3
facebook_react-native__nightly.yml,6,8,0,8,0,8,3,0,24
facebook_react-native__on-issue-labeled.yml,3,5,0,5,0,5,3,0,4
facebook_react-native__prebuild-ios-core.yml,0,15,0,15,4,15,3,0,3
facebook_react-native__prebuild-ios-dependencies.yml,0,17,0,17,3,17,3,0,4
facebook_react-native__publish-bumped-packages.yml,0,1,0,1,0,1,3,0,2
facebook_react-native__publish-release.yml,12,11,0,11,0,11,3,0,32
facebook_react-native__retry-workflow.yml,0,0,0,0,0,0,2,1,3
facebook_react-native__stale-bot.yml,0,4,0,4,0,4,3,0,0
facebook_react-native__test-all.yml,8,33,0,33,14,33,3,1,55
facebook_react-native__test-libraries-on-nightlies.yml,1,5,0,5,1,5,3,0,3
facebook_react__compiler_discord_notify.yml,0,0,0,0,1,0,1,0,1
facebook_react__compiler_playground.yml,0,5,0,5,0,5,2,0,1
facebook_react__compiler_prereleases.yml,1,3,0,3,0,3,2,1,4
facebook_react__compiler_prereleases_manual.yml,0,0,0,1,0,0,1,0,0
facebook_react__compiler_prereleases_nightly.yml,0,0,0,0,0,0,1,0,0
facebook_react__compiler_typescript.yml,0,10,0,10,0,10,2,0,6
facebook_react__devtools_regression_tests.yml,0,21,0,21,3,21,2,1,5
facebook_react__runtime_build_and_test.yml,0,76,0,76,0,76,2,0,19
facebook_react__runtime_commit_artifacts.yml,0,14,0,14,3,14,2,6,33
facebook_react__runtime_discord_notify.yml,0,0,0,2,1,0,1,0,1
facebook_react__runtime_eslint_plugin_e2e.yml,0,3,0,3,0,3,2,0,1
facebook_react__runtime_fuzz_tests.yml,0,2,0,2,0,2,2,0,1
facebook_react__runtime_prereleases.yml,2,3,0,4,0,3,2,4,8
facebook_react__runtime_prereleases_manual.yml,0,0,0,0,0,0,1,0,0
facebook_react__runtime_prereleases_nightly.yml,0,0,0,0,0,0,1,0,0
facebook_react__runtime_releases_from_npm_manual.yml,0,4,0,5,0,4,2,4,13
facebook_react__shared_check_maintainer.yml,0,1,0,1,0,1,2,0,1
facebook_react__shared_cleanup_merged_branch_caches.yml,0,0,0,0,0,0,1,0,0
facebook_react__shared_cleanup_stale_branch_caches.yml,0,0,0,0,0,0,1,0,0
facebook_react__shared_close_direct_sync_branch_prs.yml,0,1,0,1,0,1,2,0,1
facebook_react__shared_label_core_team_prs.yml,0,1,0,0,1,1,2,0,1
facebook_react__shared_lint.yml,0,12,0,12,0,12,2,0,4
facebook_react__shared_stale.yml,0,1,0,1,0,1,2,0,0
facebook_rocksdb__benchmark-linux.yml,0,1,0,1,0,1,2,0,1
facebook_rocksdb__nightly-candidate.yml,1,1,0,1,0,1,2,0,1
facebook_rocksdb__nightly.yml,9,10,0,10,0,10,2,0,10
facebook_rocksdb__pr-jobs-candidate.yml,2,2,0,2,0,2,2,0,2
facebook_rocksdb__pr-jobs.yml,25,39,0,40,25,40,2,0,40
facebook_watchman__getdeps_linux.yml,0,73,0,73,0,72,2,0,2
facebook_watchman__getdeps_mac.yml,0,69,0,69,0,68,2,0,2
facebook_watchman__getdeps_windows.yml,0,65,0,65,0,64,2,0,2
facebook_watchman__package.yml,0,5,0,5,0,5,3,0,8
facebook_watchman__release.yml,2,37,0,37,0,37,3,0,39
flutter_flutter__content-aware-hash.yml,0,1,0,1,0,1,3,0,2
flutter_flutter__coverage.yml,0,0,0,2,0,0,1,0,1
flutter_flutter__easy-cp.yml,0,0,0,1,0,0,2,0,7
flutter_flutter__files-changed.yml,0,2,0,2,0,2,3,0,2
flutter_flutter__labeler.yml,0,0,0,1,0,0,1,0,1
flutter_flutter__lock.yml,0,0,0,1,0,0,1,0,0
flutter_flutter__merge-changelog.yml,0,1,0,1,0,1,3,0,2
flutter_flutter__mirror.yml,0,0,0,1,0,0,1,0,0
flutter_flutter__no-response.yml,0,0,0,1,0,0,1,0,0
flutter_flutter__tool-test-general.yml,0,1,0,1,0,1,3,0,1
freeCodeCamp_freeCodeCamp__crowdin-download.client-ui.yml,0,0,0,15,0,14,3,0,16
freeCodeCamp_freeCodeCamp__crowdin-upload.client-ui.yml,0,0,0,3,0,2,3,0,4
freeCodeCamp_freeCodeCamp__crowdin-upload.curriculum.yml,0,0,0,7,0,6,3,0,8
freeCodeCamp_freeCodeCamp__curriculum-i18n-submodule.yml,0,0,0,3,0,0,1,0,1
freeCodeCamp_freeCodeCamp__deploy-api.yml,1,1,0,1,0,1,3,1,8
freeCodeCamp_freeCodeCamp__deploy-client.yml,0,1,0,4,0,1,3,0,10
freeCodeCamp_freeCodeCamp__docker-docr-cleanup.yml,0,1,0,3,0,2,3,0,2
freeCodeCamp_freeCodeCamp__docker-docr.yml,0,1,0,2,0,1,3,2,11
freeCodeCamp_freeCodeCamp__docker-ghcr.yml,0,0,0,5,0,0,2,0,2
freeCodeCamp_freeCodeCamp__e2e-playwright.yml,0,1,0,13,0,1,3,0,10
freeCodeCamp_freeCodeCamp__e2e-third-party.yml,0,1,0,12,0,1,3,0,9
freeCodeCamp_freeCodeCamp__github-autoclose.yml,0,0,0,1,1,0,2,0,2
freeCodeCamp_freeCodeCamp__github-labeler.yml,0,0,0,1,0,0,1,0,1
freeCodeCamp_freeCodeCamp__github-no-i18n-via-prs.yml,0,0,0,1,1,0,2,0,2
freeCodeCamp_freeCodeCamp__github-no-web-commits.yml,0,0,0,2,1,0,2,0,2
freeCodeCamp_freeCodeCamp__github-spam.yml,0,0,0,1,1,0,2,0,2
freeCodeCamp_freeCodeCamp__i18n-validate-builds.yml,0,0,0,3,0,0,2,0,2
freeCodeCamp_freeCodeCamp__i18n-validate-prs.yml,0,0,0,4,0,0,2,0,2
freeCodeCamp_freeCodeCamp__node.js-tests.yml,0,0,0,18,0,0,1,0,5
Genymobile_scrcpy__release.yml,0,46,0,46,16,46,3,0,31
github_gitignore__stale.yml,0,0,0,1,0,0,2,0,0
goldbergyoni_nodebestpractices__automerge-prs.yml,0,0,0,0,0,1,3,0,2
goldbergyoni_nodebestpractices__lint-and-generate-html-from-markdown.yml,2,2,0,2,0,2,3,0,2
goldbergyoni_nodebestpractices__update-date-in-last-update-badge.yml,2,2,0,2,0,2,3,0,3
google_auto__ci.yml,0,0,0,10,0,0,2,0,7
google_blockly__appengine_deploy.yml,0,4,0,4,1,4,3,0,5
google_blockly__assign_reviewers.yml,0,1,0,1,0,1,3,0,1
google_blockly__browser_test.yml,0,2,0,2,0,2,2,0,0
google_blockly__build.yml,0,6,0,6,0,6,2,0,2
google_blockly__conventional-label.yml,0,1,0,1,0,1,3,0,2
google_blockly__develop_freeze.yml,0,0,0,1,0,0,2,0,1
google_blockly__keyboard_plugin_test.yml,0,3,0,3,0,3,2,0,2
google_blockly__tag_module_cleanup.yml,0,1,0,1,1,1,3,0,2
google_blockly__welcome_new_contributors.yml,0,1,0,1,0,1,3,0,1
google_dagger__ci.yml,2,16,0,16,2,16,3,0,24
google_dagger__release.yml,1,12,0,12,0,12,3,0,16
google_go-github__linter.yml,0,0,0,2,0,0,1,0,1
google_go-github__tests.yml,0,0,0,4,0,0,1,0,1
google_go-querystring__linter.yml,0,0,0,2,0,0,2,0,2
google_go-querystring__tests.yml,0,0,0,3,0,0,2,0,2
google_grr__build.yml,1,32,0,0,4,33,3,0,27
google_grr__publish-pypi.yml,0,27,0,27,8,19,3,0,11
google_jimfs__ci.yml,0,0,0,10,0,0,2,0,7
google_truth__ci.yml,0,0,0,7,0,0,2,0,7
huggingface_transformers__add-model-like.yml,0,3,0,3,0,3,3,0,2
huggingface_transformers__assign-reviewers.yml,0,2,0,2,0,2,3,0,2
huggingface_transformers__benchmark.yml,0,1,0,1,0,1,3,0,3
huggingface_transformers__build-ci-docker-images.yml,0,4,0,5,0,5,4,0,8
huggingface_transformers__build-docker-images.yml,0,35,0,43,0,43,3,0,52
huggingface_transformers__build-nightly-ci-docker-images.yml,6,8,0,8,0,8,3,0,11
huggingface_transformers__build-past-ci-docker-images.yml,6,8,0,8,0,8,3,0,13
huggingface_transformers__build_documentation.yml,0,0,0,1,0,0,2,0,1
huggingface_transformers__build_pr_documentation.yml,0,0,0,1,0,0,2,0,1
huggingface_transformers__check_failed_tests.yml,0,2,0,3,2,2,3,5,10
huggingface_transformers__check_tiny_models.yml,0,6,0,6,0,6,3,0,3
huggingface_transformers__doctest_job.yml,0,1,0,1,0,1,3,0,4
huggingface_transformers__doctests.yml,1,3,0,3,0,3,3,0,7
huggingface_transformers__model_jobs.yml,0,1,0,1,0,2,3,5,21
huggingface_transformers__model_jobs_intel_gaudi.yml,0,2,0,2,0,2,3,5,21
huggingface_transformers__new_model_pr_merged_notification.yml,0,1,0,2,0,1,3,0,2
huggingface_transformers__pr-style-bot.yml,0,0,0,1,0,0,1,0,0
huggingface_transformers__push-important-models.yml,0,5,0,8,0,7,3,0,13
huggingface_transformers__release-conda.yml,0,2,0,2,0,2,3,0,3
huggingface_transformers__self-comment-ci.yml,1,4,0,4,0,4,2,0,36
huggingface_transformers__self-nightly-caller.yml,2,0,0,0,0,0,2,0,7
huggingface_transformers__self-nightly-past-ci-caller.yml,1,0,0,0,0,0,2,0,16
huggingface_transformers__self-past-caller.yml,1,0,0,0,0,0,2,0,4
huggingface_transformers__self-push-amd-mi210-caller.yml,1,0,0,0,0,0,2,0,2
huggingface_transformers__self-push-amd-mi250-caller.yml,1,0,0,0,0,0,2,0,2
huggingface_transformers__self-push-amd-mi300-caller.yml,1,0,0,0,0,0,2,0,2
huggingface_transformers__self-push-amd.yml,9,5,0,5,0,5,3,0,15
huggingface_transformers__self-push-caller.yml,1,1,0,2,0,1,3,0,7
huggingface_transformers__self-push.yml,0,7,0,7,0,7,3,0,32
huggingface_transformers__self-scheduled-amd-caller.yml,0,0,0,0,0,0,2,0,1
huggingface_transformers__self-scheduled-amd-mi250-caller.yml,0,0,0,4,0,0,2,0,10
huggingface_transformers__self-scheduled-amd-mi300-caller.yml,0,0,0,4,0,0,2,0,10
huggingface_transformers__self-scheduled-caller.yml,1,1,0,1,0,1,3,1,16
huggingface_transformers__self-scheduled-intel-gaudi.yml,2,8,0,8,0,8,3,1,15
huggingface_transformers__self-scheduled-intel-gaudi3-caller.yml,1,0,0,0,0,0,2,0,11
huggingface_transformers__self-scheduled.yml,3,7,0,7,0,8,3,2,22
huggingface_transformers__slack-report.yml,0,3,0,3,1,3,3,2,5
huggingface_transformers__ssh-runner.yml,0,0,0,1,2,1,3,1,17
huggingface_transformers__stale.yml,0,2,0,2,0,2,3,0,1
huggingface_transformers__trufflehog.yml,0,1,0,2,0,2,2,0,2
huggingface_transformers__update_metdata.yml,0,1,0,1,0,1,3,0,2
huggingface_transformers__upload_pr_documentation.yml,0,0,0,1,0,0,2,0,2
IBM_sarama__apidiff.yml,0,0,0,3,0,1,1,0,0
IBM_sarama__cache-cleanup.yml,0,0,0,0,0,0,1,0,0
IBM_sarama__ci.yml,0,0,0,5,0,0,1,0,0
IBM_sarama__codeql-analysis.yml,0,0,0,5,0,0,0,0,0
IBM_sarama__dependency-review.yml,0,0,0,2,0,0,1,0,0
IBM_sarama__fuzz.yml,0,0,0,2,0,0,1,0,0
IBM_sarama__fvt-main.yml,1,0,0,0,0,0,1,0,0
IBM_sarama__fvt-pr.yml,1,0,0,0,0,0,1,0,0
IBM_sarama__fvt.yml,0,0,0,5,0,0,1,0,0
IBM_sarama__i386.yml,0,0,0,2,0,0,1,0,0
IBM_sarama__scorecard.yml,0,0,0,4,0,0,1,0,0
IBM_sarama__stale.yml,0,0,0,1,0,0,1,0,0
jwasham_coding-interview-university__links_checker.yml,1,6,0,6,0,6,3,0,8
krahets_hello-algo__c.yml,0,1,0,1,0,1,3,0,2
krahets_hello-algo__cpp.yml,0,1,0,1,0,1,3,0,2
krahets_hello-algo__dart.yml,0,2,0,2,0,2,2,0,2
krahets_hello-algo__dotnet.yml,1,2,0,2,0,2,3,0,2
krahets_hello-algo__go.yml,1,2,0,2,0,2,3,0,2
krahets_hello-algo__java.yml,1,2,0,2,0,2,3,0,2
krahets_hello-algo__javascript.yml,0,3,0,3,0,3,3,0,3
krahets_hello-algo__kotlin.yml,0,1,0,1,0,1,3,0,2
krahets_hello-algo__python.yml,1,2,0,2,0,2,2,0,1
krahets_hello-algo__ruby.yml,0,2,0,2,0,2,2,0,2
krahets_hello-algo__rust.yml,0,2,0,2,0,2,3,0,3
krahets_hello-algo__swift.yml,0,1,0,1,0,1,3,0,2
krahets_hello-algo__typescript.yml,0,2,0,2,0,2,3,0,2
langchain-ai_langchain___compile_integration_test.yml,0,1,0,1,0,1,3,0,1
langchain-ai_langchain___integration_test.yml,0,1,0,1,0,1,3,0,2
langchain-ai_langchain___lint.yml,0,1,0,1,0,1,3,0,1
langchain-ai_langchain___release.yml,1,13,0,13,4,12,3,0,15
langchain-ai_langchain___test.yml,0,1,0,1,0,1,3,0,1
langchain-ai_langchain___test_doc_imports.yml,0,1,0,1,0,1,3,0,1
langchain-ai_langchain___test_pydantic.yml,0,1,0,1,0,1,3,1,2
langchain-ai_langchain___test_release.yml,0,5,0,5,1,4,3,0,3
langchain-ai_langchain__api_doc_build.yml,0,4,0,5,0,5,3,0,5
langchain-ai_langchain__check-broken-links.yml,0,2,0,2,0,2,3,0,2
langchain-ai_langchain__check_core_versions.yml,0,1,0,1,0,1,3,0,2
langchain-ai_langchain__check_diffs.yml,5,4,0,4,0,4,3,0,18
langchain-ai_langchain__check_new_docs.yml,0,3,0,3,0,3,3,0,4
langchain-ai_langchain__codespell.yml,0,1,0,2,0,2,2,0,1
langchain-ai_langchain__codspeed.yml,0,4,0,4,0,4,3,0,4
langchain-ai_langchain__people.yml,0,1,0,1,0,1,3,0,2
langchain-ai_langchain__run_notebooks.yml,0,3,0,3,1,3,3,1,5
langchain-ai_langchain__scheduled_test.yml,0,5,0,5,0,5,3,0,11
langgenius_dify__api-tests.yml,0,3,0,3,0,3,3,0,2
langgenius_dify__build-push.yml,0,9,0,9,1,9,3,0,10
langgenius_dify__db-migration-test.yml,0,2,0,2,0,2,3,0,2
langgenius_dify__deploy-dev.yml,0,1,0,1,0,1,3,0,4
langgenius_dify__deploy-enterprise.yml,0,1,0,1,0,1,2,0,3
langgenius_dify__deploy-rag-dev.yml,0,1,0,1,0,1,2,0,3
langgenius_dify__docker-build.yml,1,3,0,3,0,3,3,0,4
langgenius_dify__stale.yml,1,1,0,1,0,1,3,0,0
langgenius_dify__style.yml,0,12,0,12,0,12,3,0,8
langgenius_dify__tool-test-sdks.yml,0,2,0,2,0,2,3,0,1
langgenius_dify__translate-i18n-base-on-english.yml,0,4,0,4,0,4,3,0,3
langgenius_dify__vdb-tests.yml,0,4,0,4,0,4,3,0,4
langgenius_dify__web-tests.yml,0,4,0,4,0,4,3,0,3
microsoft_PowerToys__dependency-review.yml,0,2,0,2,0,2,2,0,1
microsoft_PowerToys__msstore-submissions.yml,0,4,0,4,0,4,2,0,5
microsoft_PowerToys__package-submissions.yml,0,0,0,0,0,0,2,0,3
microsoft_PowerToys__spelling2.yml,0,0,0,4,0,2,2,0,1
microsoft_terminal__addToProject.yml,0,1,0,1,0,1,2,0,0
microsoft_terminal__spelling2.yml,0,4,0,4,0,7,3,0,5
microsoft_terminal__winget.yml,0,0,0,0,0,0,2,0,2
microsoft_TypeScript__accept-baselines-fix-lints.yml,0,0,0,2,0,0,1,0,1
microsoft_TypeScript__ci.yml,2,0,0,29,1,0,2,0,15
microsoft_TypeScript__close-issues.yml,0,0,0,0,0,0,1,0,0
microsoft_TypeScript__codeql.yml,0,0,0,4,0,0,0,0,1
microsoft_TypeScript__copilot-setup-steps.yml,0,0,0,2,0,0,2,0,1
microsoft_TypeScript__create-cherry-pick-pr.yml,0,0,0,3,0,1,2,0,2
microsoft_TypeScript__error-deltas-watchdog.yml,0,0,0,0,0,0,1,0,0
microsoft_TypeScript__insiders.yml,0,0,0,4,0,0,2,0,2
microsoft_TypeScript__lkg.yml,0,0,0,2,0,0,2,1,2
microsoft_TypeScript__new-release-branch.yml,0,0,0,3,0,1,2,1,9
microsoft_TypeScript__nightly.yml,0,0,0,4,0,0,2,0,2
microsoft_TypeScript__pr-modified-files.yml,0,0,0,0,0,0,1,0,2
microsoft_TypeScript__release-branch-artifact.yml,0,0,0,3,0,0,2,0,1
microsoft_TypeScript__scorecard.yml,0,0,0,4,0,0,1,0,0
microsoft_TypeScript__set-version.yml,0,0,0,3,0,1,2,1,7
microsoft_TypeScript__sync-branch.yml,0,0,0,3,0,1,2,0,2
microsoft_TypeScript__sync-wiki.yml,0,0,0,1,0,0,1,0,1
microsoft_TypeScript__twoslash-repros.yml,0,0,0,4,0,1,2,0,3
microsoft_TypeScript__update-package-lock.yml,0,0,0,2,0,0,2,0,1
microsoft_vscode__basic.yml,0,12,0,12,0,12,2,0,0
microsoft_vscode__ci.yml,0,17,0,17,0,17,2,0,0
microsoft_vscode__monaco-editor.yml,0,4,0,4,0,4,2,0,2
microsoft_vscode__no-package-lock-changes.yml,0,0,0,2,0,0,1,0,2
microsoft_vscode__no-yarn-lock-changes.yml,0,0,0,2,0,0,1,0,2
microsoft_vscode__telemetry.yml,0,0,0,0,0,3,2,0,0
mrdoob_three.js__ci.yml,0,0,0,11,0,0,1,0,5
mrdoob_three.js__codeql-code-scanning.yml,0,0,0,4,0,0,1,0,1
mrdoob_three.js__read-size.yml,0,0,0,3,0,0,1,0,1
mrdoob_three.js__report-size.yml,0,0,0,5,0,0,1,0,2
n8n-io_n8n__benchmark-destroy-nightly.yml,0,0,0,3,0,0,2,0,1
n8n-io_n8n__benchmark-nightly.yml,0,0,0,5,0,0,2,0,1
n8n-io_n8n__check-documentation-urls.yml,0,0,0,3,0,0,3,0,2
n8n-io_n8n__check-pr-title.yml,0,0,0,3,0,0,3,0,2
n8n-io_n8n__check-run-eligibility.yml,0,0,0,2,0,0,2,0,1
n8n-io_n8n__chromatic.yml,0,0,0,7,0,0,3,0,5
n8n-io_n8n__ci-master.yml,5,0,0,5,0,0,3,0,6
n8n-io_n8n__ci-postgres-mysql.yml,0,0,0,24,0,0,3,0,12
n8n-io_n8n__ci-pull-requests.yml,3,4,0,8,2,4,3,0,9
n8n-io_n8n__docker-base-image.yml,0,0,0,6,0,0,2,0,2
n8n-io_n8n__docker-build-push.yml,4,0,0,11,0,0,2,1,17
n8n-io_n8n__docker-images-benchmark.yml,0,0,0,5,0,0,2,0,2
n8n-io_n8n__e2e-flaky.yml,1,0,0,4,1,0,2,1,4
n8n-io_n8n__e2e-reusable.yml,6,0,0,10,0,0,2,1,6
n8n-io_n8n__e2e-tests-pr.yml,2,0,0,1,0,0,2,0,9
n8n-io_n8n__e2e-tests.yml,1,0,0,1,2,0,2,2,8
n8n-io_n8n__linting-reusable.yml,1,0,0,1,1,0,2,0,1
n8n-io_n8n__notify-pr-status.yml,0,0,0,1,0,0,2,0,1
n8n-io_n8n__release-create-pr.yml,0,0,0,3,1,0,3,1,2
n8n-io_n8n__release-publish.yml,1,0,0,10,0,0,3,0,9
n8n-io_n8n__release-push-to-channel.yml,0,0,0,3,1,0,2,1,19
n8n-io_n8n__security-trivy-scan-callable.yml,0,0,0,4,0,0,2,1,3
n8n-io_n8n__test-workflows-callable.yml,1,0,0,1,1,0,2,0,5
n8n-io_n8n__test-workflows-nightly.yml,1,0,0,0,0,0,1,0,1
n8n-io_n8n__test-workflows-pr-approved.yml,2,0,0,0,0,0,1,0,1
n8n-io_n8n__test-workflows-pr-comment.yml,1,1,0,1,0,1,2,0,1
n8n-io_n8n__units-tests-reusable.yml,1,0,0,4,1,0,2,0,1
nodejs_node__auto-start-ci.yml,0,0,0,2,0,0,2,0,1
nodejs_node__build-tarball.yml,0,0,0,8,0,0,1,0,0
nodejs_node__close-stale-feature-requests.yml,0,0,0,1,0,0,1,0,0
nodejs_node__close-stale-pull-requests.yml,0,0,0,1,0,0,1,0,0
nodejs_node__close-stalled.yml,0,0,0,1,0,0,1,0,0
nodejs_node__codeql.yml,0,0,0,4,0,0,0,0,1
nodejs_node__comment-labeled.yml,0,0,0,0,0,0,1,0,1
nodejs_node__commit-lint.yml,0,0,0,2,0,0,1,0,1
nodejs_node__commit-queue.yml,0,0,0,2,0,0,2,0,2
nodejs_node__coverage-linux-without-intl.yml,0,0,0,4,0,0,2,0,0
nodejs_node__coverage-linux.yml,0,0,0,4,0,0,2,0,0
nodejs_node__coverage-windows.yml,0,0,0,3,0,0,1,0,0
nodejs_node__create-release-proposal.yml,0,0,0,2,1,0,3,0,0
nodejs_node__daily-wpt-fyi.yml,0,0,0,6,0,0,2,0,2
nodejs_node__daily.yml,0,0,0,2,0,0,1,0,0
nodejs_node__doc.yml,0,0,0,3,0,0,1,0,0
nodejs_node__find-inactive-collaborators.yml,0,0,0,3,0,0,1,0,0
nodejs_node__find-inactive-tsc.yml,0,0,0,4,0,0,1,0,0
nodejs_node__label-flaky-test-issue.yml,0,0,0,0,0,0,1,0,1
nodejs_node__label-pr.yml,0,0,0,1,0,0,1,0,1
nodejs_node__license-builder.yml,0,0,0,2,0,0,1,0,0
nodejs_node__lint-release-proposal.yml,0,0,0,1,0,0,1,0,0
nodejs_node__linters.yml,0,0,0,18,0,0,1,0,1
nodejs_node__major-release.yml,0,0,0,0,0,0,1,0,0
nodejs_node__notify-on-push.yml,0,0,0,3,0,0,1,0,2
nodejs_node__notify-on-review-wanted.yml,0,0,0,1,0,0,1,0,1
nodejs_node__scorecard.yml,0,0,0,5,0,0,1,0,0
nodejs_node__test-internet.yml,0,0,0,2,0,0,1,0,0
nodejs_node__test-linux.yml,0,0,0,3,0,0,1,0,0
nodejs_node__test-macos.yml,0,0,0,3,0,0,1,0,0
nodejs_node__timezone-update.yml,0,0,0,3,0,0,1,0,0
nodejs_node__tools.yml,0,0,0,3,0,0,1,0,0
nodejs_node__update-openssl.yml,0,0,0,3,0,0,1,0,0
nodejs_node__update-release-links.yml,0,0,0,0,0,0,1,0,0
nodejs_node__update-v8.yml,0,0,0,4,0,0,2,0,0
nodejs_node__update-wpt.yml,0,0,0,3,0,0,2,0,0
NVIDIA_cutlass__blossom-ci.yml,4,1,0,2,1,2,3,0,7
NVIDIA_cutlass__labeler.yml,0,0,0,1,1,1,3,0,2
NVIDIA_cutlass__new-issues-to-triage-projects.yml,0,3,0,0,0,0,3,0,1
NVIDIA_cutlass__stale.yml,2,2,0,2,0,2,3,0,3
NVIDIA_k8s-device-plugin__basic-checks.yml,4,0,0,0,0,0,2,0,5
NVIDIA_k8s-device-plugin__ci.yml,3,0,0,0,0,0,2,0,6
NVIDIA_k8s-device-plugin__code_scanning.yml,0,4,0,4,0,4,2,0,1
NVIDIA_k8s-device-plugin__deploy-to-pages.yml,1,5,0,5,0,5,2,0,3
NVIDIA_k8s-device-plugin__e2e.yml,1,5,0,5,0,5,3,0,3
NVIDIA_k8s-device-plugin__golang.yml,0,7,0,7,0,7,3,0,4
NVIDIA_k8s-device-plugin__helm.yml,0,2,0,2,0,2,3,0,1
NVIDIA_k8s-device-plugin__image.yml,1,4,0,4,0,4,3,0,4
NVIDIA_k8s-device-plugin__publish-helm.yml,1,3,0,3,0,3,3,0,10
NVIDIA_k8s-device-plugin__release.yml,0,2,0,2,0,2,3,0,5
NVIDIA_k8s-device-plugin__stale.yml,0,1,0,1,0,1,3,0,0
NVIDIA_k8s-device-plugin__variables.yml,0,1,0,0,0,1,3,0,1
ohmyzsh_ohmyzsh__dependencies.yml,0,3,0,3,0,3,3,0,3
ohmyzsh_ohmyzsh__installer.yml,0,2,0,2,0,2,2,0,2
ohmyzsh_ohmyzsh__main.yml,0,1,0,1,0,1,2,0,1
ohmyzsh_ohmyzsh__project.yml,0,1,0,1,1,1,2,0,8
ollama_ollama__latest.yml,0,2,0,2,0,2,3,0,3
ollama_ollama__release.yml,2,37,0,37,9,37,3,0,39
ollama_ollama__test.yml,6,11,0,14,2,11,3,0,16
open-webui_open-webui__build-release.yml,2,4,0,4,0,4,3,0,6
open-webui_open-webui__deploy-to-hf-spaces.yml,0,1,0,1,0,1,3,0,4
open-webui_open-webui__docker-build.yml,0,48,0,48,4,48,3,0,53
open-webui_open-webui__format-backend.yml,0,2,0,2,0,2,3,0,2
open-webui_open-webui__format-build-frontend.yml,0,4,0,4,0,4,3,0,5
open-webui_open-webui__release-pypi.yml,0,4,0,4,0,3,3,0,2
oracle_docker-images__build-and-push-dev-images.yml,0,7,0,7,0,7,3,1,46
oracle_docker-images__build-and-push-instantclient-images.yml,0,1,0,1,0,1,3,0,9
oracle_docker-images__build-and-push-nosql-image.yml,0,6,0,6,0,6,3,0,6
oracle_docker-images__build-and-push-nosql-sec-image.yml,0,6,0,6,0,6,3,0,6
oracle_docker-images__build-and-push-oci-cli-image.yml,0,6,0,6,0,6,3,0,6
oracle_docker-images__super-linter.yml,0,2,0,2,0,2,3,0,1
oracle_graal__cdt-inspect.yml,0,4,0,4,0,4,3,0,4
oracle_graal__main.yml,0,6,0,6,0,6,2,0,4
oracle_graal__micronaut.yml,0,2,0,2,0,2,2,0,2
oracle_graal__ni-layers.yml,0,6,0,7,0,6,3,0,6
oracle_graal__quarkus.yml,0,6,0,8,0,6,2,0,1
oracle_graal__reachability-metadata.yml,0,5,0,6,0,5,2,0,5
oracle_graal__spring.yml,0,2,0,2,0,2,2,0,2
oracle_opengrok__apiary.yml,0,1,0,1,0,1,3,0,2
oracle_opengrok__build.yml,0,5,0,5,0,5,3,0,3
oracle_opengrok__codeql-analysis.yml,0,5,0,5,0,5,2,0,2
oracle_opengrok__docker.yml,0,2,0,2,0,2,3,0,2
oracle_opengrok__javadoc.yml,0,4,0,4,0,4,3,0,3
oracle_opengrok__release.yml,0,6,0,6,0,6,3,0,6
oracle_truffleruby__ci.yml,3,23,0,28,0,23,2,0,18
oracle_truffleruby__prism.yml,0,4,0,4,0,4,2,0,3
ossu_computer-science__delete-empty-issues.yml,0,2,0,2,0,2,3,0,2
public-apis_public-apis__test_of_push_and_pull.yml,2,2,0,2,0,2,3,0,2
public-apis_public-apis__test_of_validate_package.yml,2,2,0,2,0,2,3,0,2
public-apis_public-apis__validate_links.yml,2,2,0,2,0,2,3,0,2
rust-lang_rust__ci.yml,0,4,0,5,0,4,3,0,5
rust-lang_rust__dependencies.yml,0,6,0,6,2,6,2,0,2
rust-lang_rust__ghcr.yml,0,1,0,1,0,1,3,0,0
rust-lang_rust__post-merge.yml,0,1,0,1,0,1,3,0,1
Significant-Gravitas_AutoGPT__classic-autogpt-ci.yml,0,6,0,7,1,7,3,0,3
Significant-Gravitas_AutoGPT__classic-autogpt-docker-cache-clean.yml,1,3,0,3,0,3,3,0,4
Significant-Gravitas_AutoGPT__classic-autogpt-docker-ci.yml,0,7,0,7,0,7,3,0,10
Significant-Gravitas_AutoGPT__classic-autogpt-docker-release.yml,0,4,0,4,0,4,3,0,5
Significant-Gravitas_AutoGPT__classic-autogpts-ci.yml,0,2,0,2,1,2,3,0,2
Significant-Gravitas_AutoGPT__classic-benchmark-ci.yml,0,7,0,7,2,7,3,0,6
Significant-Gravitas_AutoGPT__classic-benchmark_publish_package.yml,0,3,0,3,1,3,3,0,2
Significant-Gravitas_AutoGPT__classic-forge-ci.yml,0,6,0,7,1,7,3,0,7
Significant-Gravitas_AutoGPT__classic-frontend-ci.yml,0,3,0,3,0,3,3,0,3
Significant-Gravitas_AutoGPT__classic-python-checks.yml,0,8,0,8,0,8,3,0,10
Significant-Gravitas_AutoGPT__claude.yml,0,2,0,2,0,1,3,0,2
Significant-Gravitas_AutoGPT__codeql.yml,0,3,0,3,0,3,2,0,1
Significant-Gravitas_AutoGPT__platform-autgpt-deploy-prod.yml,0,3,0,3,0,3,2,0,3
Significant-Gravitas_AutoGPT__platform-autogpt-deploy-dev.yml,0,3,0,3,0,3,2,0,3
Significant-Gravitas_AutoGPT__platform-backend-ci.yml,0,4,0,5,1,5,3,0,3
Significant-Gravitas_AutoGPT__platform-dev-deploy-event-dispatcher.yml,0,10,0,10,0,10,2,0,5
Significant-Gravitas_AutoGPT__platform-frontend-ci.yml,0,10,1,11,0,10,3,0,11
Significant-Gravitas_AutoGPT__repo-close-stale-issues.yml,0,1,0,1,0,1,2,0,0
Significant-Gravitas_AutoGPT__repo-pr-enforce-base-branch.yml,0,0,0,0,0,0,2,0,1
Significant-Gravitas_AutoGPT__repo-pr-label.yml,0,3,0,3,0,2,3,0,3
Significant-Gravitas_AutoGPT__repo-stats.yml,0,0,0,0,0,0,3,0,2
Significant-Gravitas_AutoGPT__repo-workflow-checker.yml,0,2,0,2,0,2,3,0,2
sindresorhus_awesome__main.yml,0,1,0,0,0,1,3,0,2
Snailclimb_JavaGuide__test.yml,0,3,0,3,0,3,3,0,3
tensorflow_tensorflow__arm-cd.yml,0,0,0,2,0,0,1,0,2
tensorflow_tensorflow__arm-ci-extended-cpp.yml,0,0,0,2,0,0,1,0,2
tensorflow_tensorflow__arm-ci-extended.yml,0,0,0,2,0,0,1,0,2
tensorflow_tensorflow__arm-ci.yml,0,0,0,1,0,0,1,0,1
tensorflow_tensorflow__cffconvert.yml,0,0,0,2,0,0,1,0,1
tensorflow_tensorflow__issue-on-pr-rollback.yml,0,0,0,2,0,0,1,0,1
tensorflow_tensorflow__osv-scanner-scheduled.yml,0,0,0,0,0,0,2,0,0
tensorflow_tensorflow__pylint-presubmit.yml,0,0,0,3,0,0,2,0,3
tensorflow_tensorflow__release-branch-cherrypick.yml,0,0,0,2,1,0,1,1,4
tensorflow_tensorflow__scorecards-analysis.yml,0,0,0,4,0,0,1,0,0
tensorflow_tensorflow__stale-issues.yml,0,0,0,2,0,0,1,0,0
tensorflow_tensorflow__update-nightly.yml,0,0,0,1,0,0,1,0,0
tensorflow_tensorflow__update-rbe.yml,0,0,0,2,1,0,1,0,1
TheAlgorithms_Python__build.yml,0,3,0,3,0,3,3,0,3
TheAlgorithms_Python__directory_writer.yml,0,2,0,2,0,2,3,0,2
TheAlgorithms_Python__project_euler.yml,0,6,0,6,0,6,3,0,7
TheAlgorithms_Python__ruff.yml,0,2,0,2,0,2,3,0,3
TheAlgorithms_Python__sphinx.yml,0,6,0,6,1,6,2,0,4
trekhleb_javascript-algorithms__CI.yml,3,3,0,3,0,3,3,0,3
twbs_bootstrap__browserstack.yml,0,2,0,2,0,2,2,0,0
twbs_bootstrap__bundlewatch.yml,0,2,0,2,0,2,2,0,0
twbs_bootstrap__calibreapp-image-actions.yml,0,2,0,2,0,2,2,0,1
twbs_bootstrap__codeql.yml,0,4,0,4,0,4,2,0,0
twbs_bootstrap__cspell.yml,0,2,0,2,0,2,2,0,1
twbs_bootstrap__css.yml,0,2,0,2,0,2,2,0,0
twbs_bootstrap__docs.yml,0,3,0,3,0,3,2,0,1
twbs_bootstrap__issue-close-require.yml,0,1,0,1,0,1,2,0,1
twbs_bootstrap__issue-labeled.yml,0,1,0,1,0,1,2,0,1
twbs_bootstrap__js.yml,0,3,0,3,0,3,2,0,1
twbs_bootstrap__lint.yml,0,2,0,2,0,2,2,0,0
twbs_bootstrap__node-sass.yml,0,2,0,2,0,2,2,0,0
twbs_bootstrap__release-notes.yml,0,1,0,1,0,1,2,0,1
vercel_next.js__build_and_deploy.yml,9,33,0,33,9,33,3,0,22
vercel_next.js__build_and_test.yml,7,5,0,5,0,5,3,0,82
vercel_next.js__build_reusable.yml,0,8,0,8,1,8,3,5,11
vercel_next.js__cancel.yml,0,1,0,1,1,1,3,0,3
vercel_next.js__code_freeze.yml,2,1,0,1,1,1,3,1,2
vercel_next.js__force_merge_canary_release_pr.yml,0,0,0,0,0,0,1,0,0
vercel_next.js__graphite_ci_optimizer.yml,0,0,0,1,0,1,3,0,2
vercel_next.js__integration_tests_reusable.yml,3,2,0,2,0,2,3,1,11
vercel_next.js__issue_bankrupt.yml,0,2,0,2,0,2,3,0,2
vercel_next.js__issue_lock.yml,0,1,0,1,0,1,2,0,1
vercel_next.js__issue_stale.yml,0,4,0,4,0,4,3,0,1
vercel_next.js__issue_version.yml,0,2,0,2,0,2,3,0,2
vercel_next.js__issue_wrong_template.yml,0,2,0,2,0,2,3,0,2
vercel_next.js__notify_release.yml,0,3,0,3,0,3,3,0,6
vercel_next.js__popular.yml,0,2,0,2,0,2,3,0,2
vercel_next.js__pull_request_stats.yml,2,2,0,2,2,2,3,0,5
vercel_next.js__retry_deploy_test.yml,0,1,0,1,0,1,3,0,3
vercel_next.js__retry_test.yml,0,1,0,1,0,1,3,0,3
vercel_next.js__rspack-nextjs-build-integration-tests.yml,1,0,0,0,0,0,2,0,2
vercel_next.js__rspack-nextjs-dev-integration-tests.yml,1,0,0,0,0,0,2,0,2
vercel_next.js__rspack-update-tests-manifest.yml,0,4,0,4,0,4,3,0,5
vercel_next.js__setup-nextjs-build.yml,2,8,0,8,3,7,3,1,6
vercel_next.js__test-turbopack-rust-bench-test.yml,1,2,0,2,0,2,3,0,1
vercel_next.js__test_e2e_deploy_release.yml,1,3,0,3,1,4,3,0,6
vercel_next.js__test_examples.yml,0,2,0,2,1,2,3,0,2
vercel_next.js__triage.yml,0,1,0,1,0,1,2,0,1
vercel_next.js__triage_with_ai.yml,0,2,0,2,0,2,3,0,2
vercel_next.js__trigger_release.yml,1,2,0,2,1,2,3,1,3
vercel_next.js__trigger_release_new.yml,0,3,0,3,0,3,2,0,2
vercel_next.js__turbopack-benchmark.yml,2,10,0,10,2,9,3,0,14
vercel_next.js__turbopack-nextjs-build-integration-tests.yml,1,0,0,0,0,0,2,0,2
vercel_next.js__turbopack-nextjs-dev-integration-tests.yml,1,0,0,0,0,0,2,0,2
vercel_next.js__turbopack-update-tests-manifest.yml,0,4,0,4,0,4,3,0,5
vercel_next.js__update_fonts_data.yml,0,2,0,2,0,2,3,0,2
vercel_next.js__update_react.yml,0,2,0,2,0,2,3,1,4
vercel_next.js__upload-tests-manifest.yml,0,2,0,2,0,2,3,0,2
vuejs_vue__ci.yml,8,12,0,12,0,12,3,0,13
vuejs_vue__release-tag.yml,0,0,0,2,0,2,3,0,3
yangshun_tech-interview-handbook__lint.yml,2,2,0,2,0,2,2,0,1
yangshun_tech-interview-handbook__tsc.yml,2,2,0,2,0,2,2,0,1
yt-dlp_yt-dlp__build.yml,0,22,0,22,1,30,2,7,24
yt-dlp_yt-dlp__codeql.yml,0,4,0,4,0,4,2,0,1
yt-dlp_yt-dlp__core.yml,0,2,0,2,0,2,2,0,1
yt-dlp_yt-dlp__download.yml,0,4,0,4,0,4,2,0,2
yt-dlp_yt-dlp__issue-lockdown.yml,0,0,0,0,0,0,1,0,0
yt-dlp_yt-dlp__quick-test.yml,0,4,0,4,0,4,2,0,2
yt-dlp_yt-dlp__release-master.yml,1,2,0,2,1,1,2,0,2
yt-dlp_yt-dlp__release-nightly.yml,1,3,0,3,1,2,2,0,3
yt-dlp_yt-dlp__release.yml,1,9,0,9,2,8,2,3,26
yt-dlp_yt-dlp__sanitize-comment.yml,0,1,0,1,0,1,2,0,1
ytdl-org_youtube-dl__ci.yml,9,8,0,8,0,9,2,1,10
