file,actionlint,frizbee,ggshield,pinny,poutine,scharf,scorecard,semgrep,zizmor
AUTOMATIC1111_stable-diffusion-webui__on_pull_request.yaml,0.2639,1.0991,1.1763,0.0077,0.2714,0.0036,0.3329,13.6849,0.1257
AUTOMATIC1111_stable-diffusion-webui__run_tests.yaml,0.2718,1.048,1.1137,0.0053,0.2692,0.0181,0.344,17.2431,0.1183
AUTOMATIC1111_stable-diffusion-webui__warns_merge_master.yml,0.2657,0.009,1.2135,0.0053,0.2769,0.0063,0.3529,13.2363,0.1203
Chalarangelo_30-seconds-of-code__deploy-production.yml,0.2771,0.6517,1.3649,0.0076,0.3322,0.0063,0.3958,13.0557,0.1301
Chalarangelo_30-seconds-of-code__label.yml,0.2647,0.4497,1.1521,0.0087,0.2477,0.0049,0.3142,12.951,0.1293
Chalarangelo_30-seconds-of-code__stale.yml,0.2647,0.4737,1.1512,0.0102,0.2642,0.0053,0.312,13.7696,0.1279
Chalarangelo_30-seconds-of-code__test.yml,0.2646,0.6467,2.2097,0.0098,0.2989,0.0042,0.3228,12.4586,0.1492
EbookFoundation_free-programming-books__check-urls.yml,0.2742,1.7392,1.1513,0.006,0.2573,0.0059,0.3056,16.6176,0.1271
EbookFoundation_free-programming-books__comment-pr.yml,0.2624,0.5886,1.1739,0.0054,0.2627,0.007,0.3586,17.7563,0.1298
EbookFoundation_free-programming-books__detect-conflicting-prs.yml,0.2824,0.6274,1.1567,0.0055,0.2649,0.0053,0.3338,15.8499,0.1511
EbookFoundation_free-programming-books__fpb-lint.yml,0.2627,0.9689,1.1919,0.0059,0.2628,0.0071,0.3711,17.0183,0.124
EbookFoundation_free-programming-books__issues-pinner.yml,0.2681,0.5901,1.1336,0.0061,0.2608,0.0044,0.3191,13.0294,0.1269
EbookFoundation_free-programming-books__rtl-ltr-linter.yml,0.267,1.0446,1.1344,0.0097,0.2646,0.0044,0.3469,13.5265,0.1329
EbookFoundation_free-programming-books__stale.yml,0.2634,0.431,1.2305,0.0046,0.2758,0.0053,0.3197,13.3657,0.1261
Genymobile_scrcpy__release.yml,0.2739,1.2675,1.325,0.0116,0.2401,0.0049,0.332,13.1166,0.1312
IBM_sarama__apidiff.yml,0.2666,0.0307,1.1012,0.0088,0.2543,0.0045,0.5377,13.7138,0.1309
IBM_sarama__cache-cleanup.yml,0.2596,0.01,1.1824,0.0055,0.2447,0.0053,0.3766,13.2846,0.1279
IBM_sarama__ci.yml,0.2625,0.0363,1.2901,0.0132,0.3469,0.0045,0.518,14.857,0.1221
IBM_sarama__codeql-analysis.yml,0.2606,0.0095,1.1674,0.0064,0.2501,0.0044,0.3273,14.9553,0.122
IBM_sarama__dependency-review.yml,0.2627,0.0106,1.0967,0.0061,0.2807,0.0045,0.3315,20.783,0.1206
IBM_sarama__fuzz.yml,0.2614,0.0284,1.1309,0.0051,0.2473,0.0062,0.3394,13.55,0.1179
IBM_sarama__fvt-main.yml,0.2654,0.0215,1.136,0.0048,0.2554,0.0057,0.3138,13.1708,0.1209
IBM_sarama__fvt-pr.yml,0.266,0.0103,1.1021,0.0055,0.2539,0.0037,0.3152,16.6733,0.1192
IBM_sarama__fvt.yml,0.2669,0.0212,1.1494,0.0075,0.2471,0.0081,0.3322,14.0503,0.1309
IBM_sarama__i386.yml,0.2112,0.0051,2.2446,0.0105,0.2559,0.0047,0.3151,13.5697,0.1521
IBM_sarama__scorecard.yml,0.2471,0.0217,1.1749,0.0063,0.2526,0.0039,0.4707,13.1377,0.1287
IBM_sarama__stale.yml,0.259,0.0171,1.1388,0.0064,0.2744,0.005,0.3411,18.3308,0.1326
NVIDIA_cutlass__blossom-ci.yml,0.2754,0.9486,1.1691,0.0062,0.2644,0.0044,0.3561,12.7359,0.1307
NVIDIA_cutlass__labeler.yml,0.273,0.6428,1.1283,0.006,0.2492,0.0071,0.3111,12.6,0.1137
NVIDIA_cutlass__new-issues-to-triage-projects.yml,0.2656,0.3567,4.3123,0.0048,0.2486,0.0046,0.3202,16.1728,0.1554
NVIDIA_cutlass__stale.yml,0.2652,0.5086,1.1499,0.0111,0.255,0.0044,0.3289,13.1762,0.1323
NVIDIA_k8s-device-plugin__basic-checks.yaml,0.267,0.0061,2.2763,0.0095,0.2609,0.0064,0.3298,14.0205,0.125
NVIDIA_k8s-device-plugin__ci.yaml,0.2678,0.006,1.1248,0.0057,0.2441,0.0041,0.3154,15.1088,0.1279
NVIDIA_k8s-device-plugin__code_scanning.yaml,0.2672,2.1785,1.2438,0.0051,0.2487,0.0075,0.328,13.9579,0.1216
NVIDIA_k8s-device-plugin__deploy-to-pages.yml,0.2626,1.6266,1.1532,0.0063,0.2471,0.0063,0.3256,14.3524,0.1179
NVIDIA_k8s-device-plugin__e2e.yaml,0.2695,2.0176,1.0846,0.0089,0.2575,0.0042,0.3028,14.2864,0.1312
NVIDIA_k8s-device-plugin__golang.yaml,0.2636,0.844,1.1455,0.0061,0.2425,0.0057,0.367,13.9882,0.1199
NVIDIA_k8s-device-plugin__helm.yaml,0.2644,0.7115,1.2153,0.0061,0.2596,0.0052,0.3234,13.8441,0.1303
NVIDIA_k8s-device-plugin__image.yaml,0.2798,1.0162,1.1419,0.0059,0.2521,0.0047,0.3142,14.1624,0.1272
NVIDIA_k8s-device-plugin__publish-helm.yaml,0.2203,0.8307,1.3378,0.0107,0.3049,0.0076,0.3159,14.0069,0.1304
NVIDIA_k8s-device-plugin__release.yaml,0.2568,0.9402,1.0824,0.0046,0.2638,0.0063,0.3475,14.9772,0.1282
NVIDIA_k8s-device-plugin__stale.yaml,0.3026,0.3922,1.1654,0.0098,0.2875,0.0047,0.3326,14.2798,0.13
NVIDIA_k8s-device-plugin__variables.yaml,0.2685,0.4714,1.2912,0.0061,0.2365,0.0058,0.3327,14.4255,0.1192
Significant-Gravitas_AutoGPT__classic-autogpt-ci.yml,0.263,1.6117,1.1382,0.0051,0.2489,0.0119,0.3415,13.3871,0.1261
Significant-Gravitas_AutoGPT__classic-autogpt-docker-cache-clean.yml,0.2708,1.0011,1.1134,0.0117,0.2583,0.0045,0.3119,13.8791,0.1261
Significant-Gravitas_AutoGPT__classic-autogpt-docker-ci.yml,0.2645,1.1309,1.2838,0.0066,0.2363,0.0041,0.3892,12.9619,0.1333
Significant-Gravitas_AutoGPT__classic-autogpt-docker-release.yml,0.2624,1.289,1.1455,0.0056,0.2459,0.0037,0.4697,13.7424,0.1251
Significant-Gravitas_AutoGPT__classic-autogpts-ci.yml,0.2707,0.7449,1.1494,0.0084,0.2585,0.0044,0.3206,12.3862,0.1285
Significant-Gravitas_AutoGPT__classic-benchmark-ci.yml,0.2637,1.2952,2.3304,0.0057,0.2479,0.0058,0.3307,13.1516,0.1182
Significant-Gravitas_AutoGPT__classic-benchmark_publish_package.yml,0.2727,0.7956,1.1329,0.01,0.2785,0.0042,0.4243,13.7331,0.1276
Significant-Gravitas_AutoGPT__classic-forge-ci.yml,0.2701,1.6766,1.1496,0.0104,0.2682,0.0057,0.3238,13.9664,0.1756
Significant-Gravitas_AutoGPT__classic-frontend-ci.yml,0.2558,0.7982,1.1454,0.0052,0.2736,0.012,0.3104,15.0292,0.121
Significant-Gravitas_AutoGPT__classic-python-checks.yml,0.2678,1.1582,1.5416,0.0103,0.3343,0.0054,0.3979,16.5757,0.1324
Significant-Gravitas_AutoGPT__claude.yml,0.265,0.9621,1.2325,0.0078,0.2608,0.0036,0.3393,12.9546,0.118
Significant-Gravitas_AutoGPT__codeql.yml,0.2268,1.8817,1.1597,0.0061,0.2462,0.0075,0.381,16.009,0.1264
Significant-Gravitas_AutoGPT__platform-autgpt-deploy-prod.yml,0.2758,0.7603,1.1233,0.0124,0.2578,0.0041,0.3084,13.9834,0.1241
Significant-Gravitas_AutoGPT__platform-autogpt-deploy-dev.yaml,0.2633,0.8243,1.1541,0.0072,0.3189,0.007,0.337,14.6804,0.1254
Significant-Gravitas_AutoGPT__platform-backend-ci.yml,0.2629,1.5078,2.2556,0.0052,0.2552,0.0048,0.4147,13.4476,0.1192
Significant-Gravitas_AutoGPT__platform-dev-deploy-event-dispatcher.yml,0.2603,0.7147,1.1881,0.0066,0.2637,0.0052,0.3142,12.4591,0.1273
Significant-Gravitas_AutoGPT__platform-frontend-ci.yml,0.2676,1.8235,1.3729,0.0107,0.2528,0.0084,0.3183,12.698,0.131
Significant-Gravitas_AutoGPT__repo-close-stale-issues.yml,0.2709,0.5937,1.1777,0.0058,0.2596,0.0048,0.3233,15.7064,0.1255
Significant-Gravitas_AutoGPT__repo-pr-enforce-base-branch.yml,0.2867,0.041,1.4211,0.0131,0.3509,0.0047,0.6616,13.0317,0.1319
Significant-Gravitas_AutoGPT__repo-pr-label.yml,0.261,1.7121,1.214,0.0063,0.2495,0.0054,0.3191,12.4396,0.1297
Significant-Gravitas_AutoGPT__repo-stats.yml,0.2675,0.6334,1.0789,0.0061,0.2447,0.0085,0.346,13.0368,0.1266
Significant-Gravitas_AutoGPT__repo-workflow-checker.yml,0.2514,0.5932,1.1238,0.0098,0.2692,0.0053,0.4719,13.3124,0.1259
Snailclimb_JavaGuide__test.yml,0.2031,0.9929,1.158,0.0053,0.3082,0.0093,0.3358,16.8671,0.1174
TheAlgorithms_Python__build.yml,0.2679,1.0469,1.1147,0.0096,0.273,0.0055,0.4755,14.3346,0.136
TheAlgorithms_Python__directory_writer.yml,0.2377,0.5695,1.2233,0.0057,0.2641,0.0196,0.3281,15.544,0.1228
TheAlgorithms_Python__project_euler.yml,0.2684,1.1861,1.1625,0.006,0.3932,0.0075,0.3166,12.8153,0.1161
TheAlgorithms_Python__ruff.yml,0.2251,0.9368,1.0959,0.0102,0.2434,0.0071,0.3141,12.8708,0.2177
TheAlgorithms_Python__sphinx.yml,0.2688,1.6494,1.2595,0.0119,0.3248,0.0057,0.4176,13.6429,0.1218
airbnb_javascript__node-pretest.yml,0.2575,0.6679,1.1454,0.0066,0.2465,0.0066,0.3335,16.2296,0.1164
airbnb_javascript__node.yml,0.2662,2.1761,1.1615,0.0085,0.2394,0.005,0.3522,13.403,0.1269
airbnb_javascript__rebase.yml,0.2595,0.7444,1.1491,0.0054,0.2508,0.0041,0.3246,13.5501,0.1273
airbnb_javascript__require-allow-edits.yml,0.2028,0.6061,1.1155,0.0071,0.3236,0.006,0.3196,13.5081,0.1359
alibaba_druid__ci.yaml,0.2742,1.4188,1.1488,0.007,0.2503,0.0069,0.3024,17.3963,0.1251
alibaba_ice__canary.yml,0.2674,1.0454,1.2919,0.0059,0.251,0.0046,0.3083,12.7159,0.1219
alibaba_ice__ci.yml,0.2128,1.207,1.1029,0.0073,0.2526,0.0047,0.3115,20.7609,0.1272
alibaba_ice__coverage.yml,0.2157,1.4554,1.222,0.0064,0.2766,0.0057,0.3262,13.4702,0.1242
alibaba_ice__release.yml,0.3007,1.4858,1.1837,0.0053,0.2784,0.0098,0.3235,14.1516,0.1209
alibaba_ice__version.yml,0.2551,1.5341,1.1328,0.0046,0.2792,0.0057,0.3311,15.6388,0.1215
alibaba_ice__website.yml,0.2701,1.1084,1.1233,0.0069,0.2526,0.0094,0.365,12.8114,0.1149
alibaba_tengine__ci-arm64.yml,0.2354,0.5887,1.8791,0.006,0.2523,0.0072,0.3301,13.307,0.1255
alibaba_tengine__ci.yml,0.2659,0.4052,1.1357,0.0061,0.2646,0.0044,0.3128,13.326,0.1345
alibaba_tengine__test-nginx-core.yml,0.2734,0.5026,1.1677,0.0074,0.3316,0.0048,0.3574,13.0311,0.1316
alibaba_tengine__test-ntls.yml,0.2678,0.3436,1.1923,0.013,0.2546,0.0049,0.3909,13.9987,0.1652
alibaba_transmittable-thread-local__ci.yaml,0.2714,0.7869,1.2201,0.0051,0.2684,0.0102,0.3255,14.1417,0.1242
alibaba_transmittable-thread-local__strong_ci.yaml,0.2713,1.0425,1.0919,0.01,0.2404,0.0066,0.3283,13.7027,0.1869
avelino_awesome-go__check-for-spammy-issues.yml,0.2307,0.462,1.3903,0.0097,0.277,0.0047,0.4899,14.4882,0.1327
avelino_awesome-go__pull-request-first-comment.yaml,0.2641,0.3634,1.155,0.005,0.2664,0.0046,0.3103,13.7949,0.1197
avelino_awesome-go__run-check.yaml,0.206,0.3799,1.0781,0.0063,0.2516,0.0042,0.3133,15.8216,0.1296
avelino_awesome-go__site-deploy.yaml,0.206,0.9954,1.1384,0.0136,0.2855,0.0043,0.3082,13.2807,0.1359
avelino_awesome-go__tests.yaml,0.2713,0.4515,1.3928,0.0114,0.2995,0.005,0.33,15.0647,0.1297
awslabs_amazon-ecr-credential-helper__build.yaml,0.2649,0.7222,1.2701,0.0076,0.2609,0.0038,0.3337,14.0124,0.1491
awslabs_amazon-ecr-credential-helper__check-links.yml,0.2037,0.8825,1.1354,0.0048,0.2561,0.0036,0.3131,16.9857,0.1264
awslabs_amazon-ecr-credential-helper__codeql.yml,0.2734,1.7806,1.1492,0.0054,0.265,0.0066,0.3296,14.3006,0.1208
awslabs_amazon-ecr-credential-helper__new-pull-requests.yml,0.266,0.4587,1.0878,0.0084,0.2664,0.0041,0.311,14.2555,0.126
awslabs_amazon-ecr-credential-helper__review-dependencies.yml,0.1986,0.889,1.1477,0.0079,0.2581,0.006,0.3282,18.3411,0.1214
axios_axios__ci.yml,0.2598,0.8374,1.1616,0.0062,0.2901,0.0034,0.3204,13.7175,0.128
axios_axios__codeql-analysis.yml,0.2656,1.9763,1.1268,0.01,0.2464,0.0048,0.3138,13.1509,0.1277
axios_axios__depsreview.yaml,0.2637,0.983,1.1993,0.0049,0.2395,0.0067,0.313,14.286,0.1354
axios_axios__labeler.yml,0.2634,0.6656,2.2801,0.005,0.2469,0.0057,0.3696,13.0691,0.1159
axios_axios__notify.yml,0.2613,0.6046,1.1039,0.0061,0.2654,0.008,0.3348,13.4326,0.1475
axios_axios__npm-tag.yml,0.2665,0.8351,1.1029,0.0054,0.2995,0.0058,0.3079,20.0132,0.1214
axios_axios__pr-guard.yml,0.2632,0.5674,1.2172,0.0063,0.2427,0.0075,0.3272,16.2155,0.1379
axios_axios__pr.yml,0.2695,1.4998,2.2947,0.0061,0.237,0.0048,0.3726,13.2537,0.1198
axios_axios__publish.yml,0.2764,1.5033,1.162,0.0063,0.2616,0.0056,0.3295,13.8409,0.1218
axios_axios__sponsors.yml,0.2557,0.8165,1.1119,0.0109,0.2467,0.0063,0.3412,13.8776,0.1581
axios_axios__stale.yml,0.2697,0.4734,1.1219,0.0076,0.2613,0.0058,0.2953,14.1404,0.125
d3_d3__deploy.yml,0.2669,1.4928,1.1417,0.0059,0.2584,0.0046,0.3145,11.6969,0.1395
d3_d3__test.yml,0.2653,0.7722,1.3469,0.0061,0.2586,0.0055,0.3154,13.2318,0.1297
denoland_deno__cargo_publish.yml,0.2623,1.2772,1.1606,0.0054,0.2417,0.0058,0.3469,13.2961,0.1314
denoland_deno__ci.yml,0.2845,5.1793,1.6861,0.0087,0.2861,0.0046,0.5838,13.4937,0.1411
denoland_deno__node_compat_test.yml,0.2584,1.6326,1.1366,0.0053,0.2458,0.0055,0.3209,13.2821,0.136
denoland_deno__npm_publish.yml,0.2485,1.1541,1.168,0.0054,0.2421,0.0066,0.31,16.594,0.1228
denoland_deno__post_publish.yml,0.2656,1.8147,1.2211,0.0067,0.2548,0.0069,0.3391,17.0629,0.1199
denoland_deno__promote_to_release.yml,0.2653,3.6813,1.1268,0.0099,0.2623,0.0041,0.3208,14.0294,0.1329
denoland_deno__start_release.yml,0.2857,1.0848,1.1598,0.0068,0.2976,0.0059,0.3982,13.7016,0.1563
denoland_deno__version_bump.yml,0.2726,1.2306,1.174,0.0069,0.2715,0.0039,0.3018,13.6457,0.1301
denoland_deno__wpt_epoch.yml,0.2052,1.3764,1.1202,0.0091,0.2412,0.0039,0.3662,14.9628,0.1213
electron_electron__archaeologist-dig.yml,0.2688,0.0313,1.1817,0.0056,0.2388,0.0045,0.3349,13.1559,0.1175
electron_electron__audit-branch-ci.yml,0.267,0.0095,2.4041,0.007,0.2564,0.0047,0.3314,14.3541,0.1594
electron_electron__branch-created.yml,0.2676,0.0219,1.1781,0.0051,0.2359,0.0048,0.2964,14.2986,0.1216
electron_electron__build-git-cache.yml,0.2715,0.0314,2.2252,0.0089,0.2836,0.0045,0.3343,14.248,0.1276
electron_electron__build.yml,0.251,0.029,1.2461,0.0067,0.2842,0.006,0.3276,17.8766,0.1391
electron_electron__clean-src-cache.yml,0.2647,0.0209,1.1369,0.0057,0.2573,0.0045,0.3235,13.5052,0.1874
electron_electron__issue-commented.yml,0.3141,0.0282,1.1612,0.0064,0.239,0.0038,0.4486,13.0184,0.1312
electron_electron__issue-labeled.yml,0.2573,0.0331,1.2018,0.0062,0.2585,0.0056,0.3096,14.5969,0.1219
electron_electron__issue-opened.yml,0.2098,0.0193,1.1979,0.0059,0.2441,0.0048,0.3537,13.4624,0.1218
electron_electron__issue-transferred.yml,0.2725,0.037,1.1484,0.0057,0.27,0.0045,0.3166,13.8137,0.1251
electron_electron__issue-unlabeled.yml,0.274,0.023,1.1787,0.0054,0.2524,0.0045,0.3171,17.2217,0.1229
electron_electron__linux-publish.yml,0.272,0.0165,1.0802,0.0095,0.2464,0.005,0.3969,13.4786,0.1349
electron_electron__macos-publish.yml,0.2294,0.0219,2.2265,0.0054,0.2542,0.0068,0.3159,15.4792,0.1229
electron_electron__non-maintainer-dependency-change.yml,0.2687,0.0209,1.2374,0.0075,0.256,0.0049,0.339,13.4348,0.1206
electron_electron__pipeline-electron-build-and-test-and-nan.yml,0.2147,0.0267,1.2431,0.0075,0.2548,0.0058,0.3884,13.0586,0.2121
electron_electron__pipeline-electron-build-and-test.yml,0.2099,0.0105,1.0875,0.0063,0.2964,0.0094,0.5127,16.6994,0.1299
electron_electron__pipeline-electron-docs-only.yml,0.2688,0.0182,1.149,0.0056,0.2954,0.0056,0.3232,12.8309,0.1216
electron_electron__pipeline-electron-lint.yml,0.267,0.0392,1.1634,0.0108,0.2547,0.0046,0.3042,13.6095,0.1219
electron_electron__pipeline-segment-electron-build.yml,0.2598,0.0421,1.2094,0.006,0.2358,0.0042,0.3224,15.7028,0.1328
electron_electron__pipeline-segment-electron-gn-check.yml,0.2874,0.0246,1.4985,0.008,0.2787,0.005,0.3884,14.1354,0.1318
electron_electron__pipeline-segment-electron-test.yml,0.2616,0.0202,1.2255,0.0059,0.2709,0.0055,0.3184,18.1336,0.1368
electron_electron__pipeline-segment-node-nan-test.yml,0.2746,0.0275,1.1267,0.009,0.2805,0.0052,0.3043,12.9405,0.1276
electron_electron__pull-request-labeled.yml,0.2772,0.0211,1.1186,0.0055,0.2597,0.0046,0.342,17.7951,0.1309
electron_electron__scorecards.yml,0.2637,0.0091,1.1531,0.0057,0.2557,0.01,0.3017,14.3577,0.1309
electron_electron__semantic.yml,0.2122,0.0168,1.1059,0.0051,0.2439,0.0051,0.4077,16.8486,0.1257
electron_electron__stable-prep-items.yml,0.2619,0.0084,1.1483,0.005,0.2536,0.0097,0.3355,16.1636,0.1248
electron_electron__stale.yml,0.264,0.0196,1.1305,0.007,0.2877,0.0099,0.3319,14.5883,0.1283
electron_electron__windows-publish.yml,0.2849,0.0294,1.1966,0.0088,0.2349,0.0042,0.3345,13.5223,0.1425
excalidraw_excalidraw__autorelease-excalidraw.yml,0.2785,0.9308,1.1738,0.0103,0.2553,0.0051,0.3152,14.0421,0.1252
excalidraw_excalidraw__autorelease-preview.yml,0.2616,1.1144,1.2506,0.0072,0.2503,0.0045,0.3448,13.4286,0.1241
excalidraw_excalidraw__build-docker.yml,0.2631,0.5342,1.2666,0.0065,0.2387,0.0072,0.3529,13.5231,0.1148
excalidraw_excalidraw__cancel.yml,0.2134,0.4583,1.1064,0.012,0.2703,0.0048,0.5002,13.4616,0.1283
excalidraw_excalidraw__lint.yml,0.2592,0.5718,1.1211,0.0054,0.2677,0.0034,0.3467,13.4595,0.1207
excalidraw_excalidraw__locales-coverage.yml,0.2785,0.7302,1.1732,0.009,0.2565,0.0035,0.3743,13.3765,0.1271
excalidraw_excalidraw__publish-docker.yml,0.2637,1.4498,1.6841,0.009,0.2507,0.0051,0.3187,12.9316,0.1419
excalidraw_excalidraw__semantic-pr-title.yml,0.2115,0.389,2.2307,0.0057,0.2452,0.0065,0.4305,20.2069,0.1232
excalidraw_excalidraw__sentry-production.yml,0.2652,0.6802,1.1706,0.0057,0.2356,0.0042,0.3408,12.9675,0.1191
excalidraw_excalidraw__size-limit.yml,0.2797,0.919,1.1069,0.0111,0.2894,0.0048,0.3964,13.9138,0.1243
excalidraw_excalidraw__test-coverage-pr.yml,0.2671,0.7734,1.5387,0.0051,0.2676,0.0085,0.3191,16.3541,0.1245
excalidraw_excalidraw__test.yml,0.269,0.6014,1.1775,0.0061,0.2516,0.0063,0.3511,13.2566,0.1185
f_awesome-chatgpt-prompts__ai_bot.yml,0.2679,1.1506,1.3603,0.0094,0.2435,0.0049,0.3229,14.5857,0.1343
f_awesome-chatgpt-prompts__auto_commands.yml,0.2652,0.598,1.1809,0.0069,0.2501,0.0039,0.3215,13.5356,0.154
f_awesome-chatgpt-prompts__csv_linter.yml,0.271,0.7282,1.1278,0.0061,0.3056,0.0065,1.3435,16.9609,0.1329
f_awesome-chatgpt-prompts__publish.yml,0.2613,1.4493,1.1508,0.0049,0.239,0.0093,0.3648,14.0228,0.1192
facebook_create-react-app__build-and-test.yml,0.2838,0.6176,1.1628,0.0055,0.2388,0.0071,0.3276,12.8142,0.1222
facebook_create-react-app__e2e-base.yml,0.2553,0.556,1.158,0.0053,0.2789,0.0059,0.334,18.1154,0.1264
facebook_create-react-app__lint.yml,0.2679,0.6706,1.0926,0.0091,0.2554,0.0045,0.32,13.528,0.1238
facebook_facebook-android-sdk__needs-attention.yml,0.2928,0.7903,1.1533,0.0057,0.2442,0.006,0.3093,13.0237,0.1457
facebook_facebook-android-sdk__stale.yml,0.2207,0.4878,1.1366,0.0059,0.2379,0.0055,0.3102,13.5143,0.1176
facebook_facebook-ios-sdk__needs-attention.yml,0.2936,0.7594,1.2263,0.0059,0.2385,0.0037,0.3175,12.3412,0.13
facebook_facebook-ios-sdk__stale.yml,0.2666,0.457,1.0846,0.0098,0.2966,0.0044,0.3418,13.0138,0.1372
facebook_fbthrift__getdeps_linux.yml,0.2838,1.1552,1.5055,0.0097,0.2459,0.0057,0.5532,13.3831,0.1428
facebook_fbthrift__getdeps_mac.yml,0.2864,1.0622,1.3104,0.0059,0.2548,0.0063,0.3391,13.0325,0.1257
facebook_fbthrift__getdeps_windows.yml,0.2744,1.1906,1.2273,0.0053,0.3106,0.005,0.338,14.7149,0.1357
facebook_folly__TagIt.yml,0.2643,1.0113,1.1489,0.0069,0.3014,0.0087,0.316,13.5952,0.1169
facebook_folly__getdeps_linux.yml,0.2735,1.1105,1.2709,0.0051,0.2574,0.0061,0.3347,13.5997,0.13
facebook_folly__getdeps_mac.yml,0.2647,1.3844,1.2512,0.0067,0.2371,0.0054,0.3226,20.9643,0.1307
facebook_folly__getdeps_windows.yml,0.2099,1.1321,1.1474,0.0061,0.2714,0.0046,0.3253,13.4428,0.1347
facebook_folly__oss-build-and-test.yml,0.2813,2.1945,1.8645,0.0098,0.2926,0.0069,0.4711,13.6787,0.1395
facebook_hhvm__ubuntu.yml,0.2681,0.6899,1.1732,0.0054,0.2494,0.0057,0.3823,13.4555,0.1181
facebook_mcrouter__build.yml,0.2604,0.5174,1.144,0.0079,0.2961,0.0052,0.3172,13.2772,0.1364
facebook_react-native__autorebase.yml,0.2735,0.5662,1.1015,0.0064,0.265,0.0059,0.3509,13.8904,0.1284
facebook_react-native__bump-podfile-lock.yml,0.2355,0.4444,1.2377,0.0061,0.2499,0.0044,0.3555,13.4126,0.1464
facebook_react-native__cache-reaper.yml,0.266,0.4075,1.191,0.0059,0.3376,0.0083,0.3205,19.2936,0.1329
facebook_react-native__check-for-reproducer.yml,0.2665,0.7517,1.1626,0.0058,0.2438,0.0052,0.3197,13.4484,0.1267
facebook_react-native__check-nightly.yml,0.2465,0.4172,1.1873,0.0061,0.2446,0.0047,0.3534,13.0767,0.1265
facebook_react-native__close-pr.yml,0.2586,0.522,1.1163,0.0052,0.2381,0.0043,0.3764,20.4637,0.1345
facebook_react-native__create-draft-release.yml,0.2072,0.7719,1.1096,0.0062,0.294,0.0048,0.3056,13.3864,0.1369
facebook_react-native__create-release.yml,0.2711,0.3973,1.1564,0.005,0.264,0.0061,0.3084,15.8491,0.1207
facebook_react-native__danger-pr.yml,0.2644,0.4501,1.1007,0.0057,0.2406,0.0044,0.3365,13.7264,0.1333
facebook_react-native__generate-changelog.yml,0.2694,1.0055,1.1383,0.0061,0.2463,0.0041,0.3173,13.8353,0.1329
facebook_react-native__monitor-new-issues.yml,0.2757,0.6628,1.158,0.0099,0.2986,0.0049,0.3561,14.1368,0.1201
facebook_react-native__needs-attention.yml,0.2642,0.9948,1.1496,0.0095,0.2406,0.0043,0.3498,12.8783,0.1275
facebook_react-native__nightly.yml,0.2921,0.4403,1.1718,0.0063,0.2663,0.0063,0.3207,13.2758,0.1212
facebook_react-native__on-issue-labeled.yml,0.2618,0.938,1.1081,0.009,0.2662,0.004,0.5612,14.1053,0.1285
facebook_react-native__prebuild-ios-core.yml,0.2747,1.64,1.1702,0.0064,0.2683,0.0052,0.2984,17.7637,0.129
facebook_react-native__prebuild-ios-dependencies.yml,0.2077,1.6693,1.1696,0.0098,0.2719,0.006,0.3445,13.2707,0.135
facebook_react-native__publish-bumped-packages.yml,0.2622,0.62,1.2234,0.0071,0.2601,0.0045,0.3584,13.01,0.134
facebook_react-native__publish-release.yml,0.2579,0.8901,2.3394,0.0098,0.244,0.0085,0.3498,13.8295,0.1653
facebook_react-native__retry-workflow.yml,0.2592,0.0081,1.1879,0.0056,0.2531,0.0048,0.3054,13.6021,0.1312
facebook_react-native__stale-bot.yml,0.2966,0.4225,1.1737,0.0097,0.2953,0.006,0.4836,13.5955,0.1286
facebook_react-native__test-all.yml,0.2368,2.4016,1.3062,0.0073,0.2435,0.0086,0.3141,13.3459,0.1408
facebook_react-native__test-libraries-on-nightlies.yml,0.1985,1.2505,1.1595,0.0158,0.2656,0.0061,0.3963,13.4018,0.1468
facebook_react__compiler_discord_notify.yml,0.2643,0.7919,1.1363,0.0048,0.3044,0.0053,0.3057,15.9665,0.1346
facebook_react__compiler_playground.yml,0.2714,1.0151,1.1712,0.0053,0.2528,0.0086,0.3214,16.2124,0.118
facebook_react__compiler_prereleases.yml,0.2702,0.8071,1.1641,0.0056,0.2766,0.0069,0.3276,16.5052,0.1185
facebook_react__compiler_prereleases_manual.yml,0.2184,1.1928,1.1579,0.0099,0.3141,0.0053,0.3344,13.7305,0.127
facebook_react__compiler_prereleases_nightly.yml,0.2331,0.8234,1.2236,0.0069,0.2702,0.0077,0.3664,13.1527,0.1223
facebook_react__compiler_typescript.yml,0.2706,1.1319,1.3773,0.0089,0.3178,0.0061,0.3859,12.8731,0.1329
facebook_react__devtools_regression_tests.yml,0.268,1.2148,1.1326,0.006,0.2525,0.0079,0.3054,14.8106,0.1181
facebook_react__runtime_build_and_test.yml,0.2728,3.1003,1.263,0.0112,0.2569,0.0053,0.3407,13.1127,0.1386
facebook_react__runtime_commit_artifacts.yml,0.2155,1.628,1.245,0.0059,0.2431,0.0042,0.3318,16.2219,0.1336
facebook_react__runtime_discord_notify.yml,0.2667,0.9414,1.159,0.0098,0.2583,0.0048,0.3207,12.8906,0.1265
facebook_react__runtime_eslint_plugin_e2e.yml,0.2678,0.8995,1.1579,0.0067,0.2761,0.0056,0.3004,14.1416,0.1198
facebook_react__runtime_fuzz_tests.yml,0.261,0.6003,1.144,0.0064,0.2538,0.0048,0.3133,12.9606,0.1312
facebook_react__runtime_prereleases.yml,0.2693,0.8694,1.1317,0.0098,0.2525,0.0045,0.3425,13.2552,0.1306
facebook_react__runtime_prereleases_manual.yml,0.2786,1.2218,1.2229,0.0053,0.2791,0.0052,0.3303,15.0265,0.1234
facebook_react__runtime_prereleases_nightly.yml,0.2158,1.568,1.1689,0.0056,0.2438,0.0063,0.3158,13.4086,0.1281
facebook_react__runtime_releases_from_npm_manual.yml,0.2729,1.0451,1.2391,0.0057,0.2544,0.0061,0.3091,18.2592,0.1313
facebook_react__shared_check_maintainer.yml,0.2093,0.7729,2.272,0.0078,0.2441,0.0046,0.3247,12.8375,0.1345
facebook_react__shared_cleanup_merged_branch_caches.yml,0.2683,0.032,7.2846,0.0061,0.2334,0.0054,0.3329,13.5063,0.166
facebook_react__shared_cleanup_stale_branch_caches.yml,0.2575,0.0336,1.1734,0.01,0.2594,0.0052,0.3119,13.2859,0.2051
facebook_react__shared_close_direct_sync_branch_prs.yml,0.2031,0.8354,1.1323,0.0069,0.2607,0.0062,0.323,12.8229,0.1182
facebook_react__shared_label_core_team_prs.yml,0.2519,1.7796,1.7047,0.0082,0.309,0.006,0.3588,12.6465,0.1278
facebook_react__shared_lint.yml,0.2785,0.8351,1.1325,0.0103,0.2728,0.0045,0.3937,13.7879,0.1302
facebook_react__shared_stale.yml,0.2739,0.3975,1.188,0.0062,0.2602,0.0076,0.3314,15.8805,0.1164
facebook_rocksdb__benchmark-linux.yml,0.1897,0.4193,1.1152,0.0099,0.2705,0.0054,0.3372,14.3252,0.1327
facebook_rocksdb__nightly-candidate.yml,0.283,0.4108,1.1834,0.0062,0.2631,0.0056,0.3155,16.1125,0.1714
facebook_rocksdb__nightly.yml,0.2696,0.5069,2.2761,0.0059,0.2931,0.0073,0.3276,12.9488,0.1342
facebook_rocksdb__pr-jobs-candidate.yml,0.2716,0.4616,1.2386,0.0098,0.2513,0.0051,0.381,15.8531,0.1307
facebook_rocksdb__pr-jobs.yml,0.2721,1.0799,1.3081,0.0055,0.2497,0.0074,0.8134,12.7595,0.126
facebook_watchman__getdeps_linux.yml,0.2762,1.8579,1.3231,0.0061,0.2547,0.0046,0.3211,12.8347,0.1358
facebook_watchman__getdeps_mac.yml,0.3402,1.5223,1.302,0.0067,0.2489,0.0082,0.3142,13.3934,0.1313
facebook_watchman__getdeps_windows.yml,0.2882,1.5648,1.2715,0.0063,0.2705,0.0062,0.3136,15.5856,0.1336
facebook_watchman__package.yml,0.238,1.1106,1.1986,0.0106,0.2657,0.0054,0.3155,14.1714,0.1292
facebook_watchman__release.yml,0.284,1.6723,1.2055,0.0098,0.2669,0.0055,0.3646,13.2747,0.173
flutter_flutter__content-aware-hash.yml,0.2664,0.4163,1.275,0.0111,0.2716,0.0043,0.3305,13.8987,0.2
flutter_flutter__coverage.yml,0.229,0.0199,1.1316,0.0061,0.2935,0.0056,0.3468,12.7687,0.1211
flutter_flutter__easy-cp.yml,0.2666,0.0301,1.2013,0.005,0.267,0.0034,0.3185,15.2064,0.1274
flutter_flutter__files-changed.yml,0.3901,0.758,1.2406,0.0058,0.234,0.0042,0.3412,13.6374,0.1274
flutter_flutter__labeler.yml,0.2704,0.0379,1.3683,0.0076,0.2447,0.0038,0.3192,13.3139,0.1368
flutter_flutter__lock.yaml,0.266,0.0304,17.464,0.0067,0.2683,0.0058,0.3415,13.103,0.1247
flutter_flutter__merge-changelog.yml,0.2229,0.566,1.2476,0.01,0.2612,0.0038,0.3937,13.7018,0.1233
flutter_flutter__mirror.yml,0.2681,0.0414,1.1266,0.0059,0.2793,0.0051,0.3256,13.0724,0.1165
flutter_flutter__no-response.yaml,0.1982,0.0295,1.1384,0.0057,0.2755,0.0045,0.3249,13.8455,0.1337
flutter_flutter__tool-test-general.yml,0.2653,0.4766,12.0372,0.0055,0.2391,0.0044,0.3441,13.1121,0.1259
freeCodeCamp_freeCodeCamp__crowdin-download.client-ui.yml,0.2702,4.9619,1.1796,0.0083,0.2781,0.0054,0.323,13.7003,0.1326
freeCodeCamp_freeCodeCamp__crowdin-upload.client-ui.yml,0.2672,0.8155,1.1837,0.0051,0.2742,0.0065,0.3412,17.5259,0.1302
freeCodeCamp_freeCodeCamp__crowdin-upload.curriculum.yml,0.2774,2.2046,1.3602,0.0102,0.2493,0.0051,0.7,13.1607,0.1292
freeCodeCamp_freeCodeCamp__curriculum-i18n-submodule.yml,0.2907,0.0171,1.1168,0.0101,0.2569,0.0068,0.34,13.6348,0.1321
freeCodeCamp_freeCodeCamp__deploy-api.yml,0.2679,0.3583,1.2247,0.0054,0.2733,0.0087,0.3066,15.4611,0.1203
freeCodeCamp_freeCodeCamp__deploy-client.yml,0.2834,0.3746,1.1658,0.0098,0.3239,0.005,0.4344,13.8452,0.141
freeCodeCamp_freeCodeCamp__docker-docr-cleanup.yml,0.2714,0.8804,2.23,0.0109,0.2527,0.0066,0.4834,13.6495,0.1423
freeCodeCamp_freeCodeCamp__docker-docr.yml,0.2675,0.9402,1.2539,0.0063,0.2644,0.0042,0.3514,14.7851,0.1305
freeCodeCamp_freeCodeCamp__docker-ghcr.yml,0.263,0.0255,1.1327,0.0054,0.232,0.0083,0.3657,13.9078,0.1243
freeCodeCamp_freeCodeCamp__e2e-playwright.yml,0.3088,0.5855,1.23,0.0099,0.296,0.0041,0.4882,13.3976,0.1337
freeCodeCamp_freeCodeCamp__e2e-third-party.yml,0.2595,0.4286,1.1091,0.0051,0.2482,0.0042,0.3293,14.5952,0.1309
freeCodeCamp_freeCodeCamp__github-autoclose.yml,0.2763,0.0369,1.2481,0.0062,0.2593,0.0055,0.3149,13.0242,0.1284
freeCodeCamp_freeCodeCamp__github-labeler.yaml,0.2657,0.0165,1.1052,0.0052,0.2699,0.0064,0.3549,14.4891,0.1166
freeCodeCamp_freeCodeCamp__github-no-i18n-via-prs.yml,0.2642,0.0209,1.3066,0.0057,0.2366,0.0046,0.3651,13.0559,0.1308
freeCodeCamp_freeCodeCamp__github-no-web-commits.yml,0.2665,0.025,1.1013,0.0105,0.4015,0.0082,0.3416,13.2658,0.1307
freeCodeCamp_freeCodeCamp__github-spam.yml,0.2647,0.0339,1.1602,0.011,0.2515,0.004,0.395,13.1192,0.1312
freeCodeCamp_freeCodeCamp__i18n-validate-builds.yml,0.2657,0.0179,1.1174,0.0103,0.2619,0.0043,0.3261,12.9218,0.129
freeCodeCamp_freeCodeCamp__i18n-validate-prs.yml,0.2699,0.0101,1.2329,0.0087,0.2617,0.0044,0.344,13.2988,0.1563
freeCodeCamp_freeCodeCamp__node.js-tests.yml,0.2163,0.0261,1.1382,0.0054,0.2473,0.0038,0.3332,13.3776,0.1269
github_gitignore__stale.yml,0.2676,0.0182,1.1595,0.0071,0.2762,0.0063,0.2944,12.5715,0.1303
goldbergyoni_nodebestpractices__automerge-prs.yml,0.2654,0.5031,1.1358,0.0102,0.2616,0.0055,0.3069,13.8422,0.2245
goldbergyoni_nodebestpractices__lint-and-generate-html-from-markdown.yml,0.2649,0.6234,1.1128,0.0064,0.2448,0.0087,0.3839,13.6239,0.117
goldbergyoni_nodebestpractices__update-date-in-last-update-badge.yml,0.2075,0.6286,1.1441,0.0064,0.2501,0.007,0.3156,13.0499,0.119
google_auto__ci.yml,0.2884,0.0248,1.2407,0.0114,0.2791,0.0049,0.4349,14.025,0.1349
google_blockly__appengine_deploy.yml,0.2756,1.0183,1.16,0.0063,0.2678,0.0048,0.34,13.4396,0.1339
google_blockly__assign_reviewers.yml,0.2667,0.6293,1.2012,0.0108,0.2662,0.0038,0.3237,13.3691,0.1339
google_blockly__browser_test.yml,0.2399,0.9053,1.1547,0.0057,0.2381,0.0087,0.3516,14.0983,0.1327
google_blockly__build.yml,0.2713,0.764,1.2014,0.0053,0.2646,0.0035,0.361,13.0444,0.1274
google_blockly__conventional-label.yml,0.2665,0.5564,1.2488,0.0046,0.2702,0.0053,0.3097,18.4973,0.1201
google_blockly__develop_freeze.yml,0.2104,0.0252,1.1905,0.0057,0.2812,0.0058,0.333,13.4944,0.1145
google_blockly__keyboard_plugin_test.yml,0.28,0.7209,1.137,0.0059,0.257,0.0041,0.3112,12.9255,0.1315
google_blockly__tag_module_cleanup.yml,0.2591,0.7012,1.2944,0.007,0.2423,0.0046,0.3064,15.117,0.1255
google_blockly__welcome_new_contributors.yml,0.2287,0.5496,1.413,0.0081,0.2916,0.0049,0.348,13.6394,0.1313
google_dagger__ci.yml,0.2715,0.9239,1.2171,0.0056,0.2655,0.0054,0.374,12.7543,0.1244
google_dagger__release.yml,0.3861,0.8952,1.6817,0.0113,0.2891,0.0055,0.3465,15.318,0.1314
google_go-github__linter.yml,0.2698,0.0193,1.1476,0.0066,0.2405,0.0059,0.3411,17.0569,0.12
google_go-github__tests.yml,0.3044,0.0239,1.2586,0.0113,0.2728,0.0043,0.4463,13.538,0.1339
google_go-querystring__linter.yml,0.2887,0.0158,2.2709,0.0054,0.2772,0.0061,0.3874,15.7478,0.1136
google_go-querystring__tests.yml,0.2801,0.007,1.2279,0.0055,0.2463,0.0044,0.4211,13.2578,0.1324
google_grr__build.yml,0.271,3.0282,1.4527,0.0098,0.2412,0.0047,0.313,13.5344,0.138
google_grr__publish-pypi.yml,0.2642,2.1718,1.1511,0.0071,0.2502,0.004,0.3317,12.5537,0.1374
google_jimfs__ci.yml,0.2667,0.021,1.1112,0.0053,0.2583,0.0055,0.3138,16.9153,0.1316
google_truth__ci.yml,0.2648,0.0221,1.5497,0.0081,0.2439,0.0035,0.3114,13.2403,0.1274
huggingface_transformers__add-model-like.yml,0.2658,0.8036,1.082,0.0117,0.2662,0.0051,0.3135,13.9978,0.1329
huggingface_transformers__assign-reviewers.yml,0.2864,0.774,1.1572,0.0064,0.2548,0.007,0.3662,13.3592,0.1362
huggingface_transformers__benchmark.yml,0.2697,0.3672,1.1163,0.0061,0.2475,0.0076,0.3159,13.0353,0.1277
huggingface_transformers__build-ci-docker-images.yml,0.2566,1.56,1.1576,0.0059,0.2459,0.0039,0.3288,15.008,0.1214
huggingface_transformers__build-docker-images.yml,0.2669,3.9424,2.2942,0.0094,0.2539,0.005,0.3234,13.7304,0.1644
huggingface_transformers__build-nightly-ci-docker-images.yml,0.23,1.2182,2.2835,0.0118,0.2587,0.0039,0.5949,13.4302,0.1251
huggingface_transformers__build-past-ci-docker-images.yml,0.2079,1.2361,1.1229,0.0051,0.2383,0.0063,0.3144,15.0558,0.1181
huggingface_transformers__build_documentation.yml,0.263,0.7123,1.2673,0.006,0.2491,0.0058,0.3049,14.9101,0.127
huggingface_transformers__build_pr_documentation.yml,0.3441,0.6272,1.1788,0.0148,0.2959,0.0089,0.3308,17.4415,0.1401
huggingface_transformers__check_failed_tests.yml,0.2846,0.6265,1.257,0.0062,0.2751,0.0046,0.316,13.0789,0.1313
huggingface_transformers__check_tiny_models.yml,0.2676,0.7727,2.1578,0.0053,0.2497,0.0038,0.326,16.1352,0.1549
huggingface_transformers__doctest_job.yml,0.2681,0.3912,1.1341,0.0068,0.2409,0.0057,0.356,12.8529,0.1349
huggingface_transformers__doctests.yml,0.2746,0.9131,1.1086,0.0064,0.2531,0.0079,0.3094,16.8504,0.1281
huggingface_transformers__model_jobs.yml,0.2764,0.4941,1.2489,0.0094,0.2882,0.0062,0.448,13.5545,0.1337
huggingface_transformers__model_jobs_intel_gaudi.yml,0.2877,0.6837,2.3145,0.0066,0.2718,0.0045,0.3266,13.2728,0.1277
huggingface_transformers__new_model_pr_merged_notification.yml,0.2779,0.363,1.1162,0.0066,0.2504,0.0053,0.3516,15.5513,0.1453
huggingface_transformers__pr-style-bot.yml,0.2503,0.589,1.1155,0.0065,0.2396,0.0041,0.3104,14.9276,0.127
huggingface_transformers__push-important-models.yml,0.2197,1.7739,1.2635,0.0059,0.2368,0.007,0.3204,14.0076,0.1334
huggingface_transformers__release-conda.yml,0.2618,0.6885,1.242,0.0091,0.2403,0.0043,0.35,13.8389,0.1259
huggingface_transformers__self-comment-ci.yml,0.2814,0.7415,1.4794,0.0096,0.2859,0.0052,0.4947,13.3593,0.1469
huggingface_transformers__self-nightly-caller.yml,0.2821,0.0258,1.1269,0.0073,0.2558,0.0036,0.3054,13.7532,0.127
huggingface_transformers__self-nightly-past-ci-caller.yml,0.2677,0.0074,2.3,0.0048,0.2514,0.0064,0.3322,15.2788,0.1342
huggingface_transformers__self-past-caller.yml,0.3144,0.0182,1.385,0.0074,0.345,0.0042,0.368,13.0715,0.1298
huggingface_transformers__self-push-amd-mi210-caller.yml,0.2754,0.0316,1.3305,0.0099,0.2735,0.0051,0.5102,15.1413,0.1282
huggingface_transformers__self-push-amd-mi250-caller.yml,0.2605,0.0501,1.2165,0.006,0.2366,0.0064,0.3459,14.297,0.1249
huggingface_transformers__self-push-amd-mi300-caller.yml,0.3179,0.0205,1.3152,0.0058,0.2329,0.0072,0.3636,13.4356,0.1181
huggingface_transformers__self-push-amd.yml,0.2658,0.7599,1.2565,0.0056,0.2698,0.0045,0.3796,15.3276,0.1366
huggingface_transformers__self-push-caller.yml,0.2629,0.4586,1.2389,0.0061,0.2901,0.0051,0.3111,13.4924,0.1325
huggingface_transformers__self-push.yml,0.2692,1.3863,1.3225,0.0056,0.2594,0.0072,0.3428,16.5144,0.1541
huggingface_transformers__self-scheduled-amd-caller.yml,0.268,0.0072,1.162,0.0097,0.2534,0.0054,0.4945,13.8945,0.1292
huggingface_transformers__self-scheduled-amd-mi250-caller.yml,0.2683,1.7521,1.1322,0.0054,0.2856,0.005,0.3226,14.2221,0.1313
huggingface_transformers__self-scheduled-amd-mi300-caller.yml,0.3101,2.462,1.2284,0.0066,0.2395,0.0074,0.3483,14.4566,0.1171
huggingface_transformers__self-scheduled-caller.yml,0.2874,0.4448,1.1219,0.0096,0.2627,0.0045,0.3534,14.3235,0.1562
huggingface_transformers__self-scheduled-intel-gaudi.yml,0.2688,0.9464,1.1249,0.0056,0.2394,0.0073,0.3106,14.9142,0.1692
huggingface_transformers__self-scheduled-intel-gaudi3-caller.yml,0.2953,0.0089,1.1522,0.0049,0.2651,0.0049,0.3335,17.5309,0.1187
huggingface_transformers__self-scheduled.yml,0.2676,0.941,1.2262,0.0095,0.2958,0.0054,0.3358,14.1921,0.1419
huggingface_transformers__slack-report.yml,0.2776,0.9367,1.0688,0.0102,0.2701,0.0044,0.4352,14.2432,0.1305
huggingface_transformers__ssh-runner.yml,0.2682,0.7313,1.2142,0.0059,0.251,0.0086,0.3373,13.3302,0.1206
huggingface_transformers__stale.yml,0.2788,0.6547,1.2028,0.0125,0.2648,0.0052,0.8674,13.6433,0.1238
huggingface_transformers__trufflehog.yml,0.2038,0.7801,1.225,0.0057,0.2437,0.0056,0.3043,13.5162,0.1244
huggingface_transformers__update_metdata.yml,0.2683,0.5264,1.089,0.0129,0.2574,0.0043,0.3275,14.1723,0.1252
huggingface_transformers__upload_pr_documentation.yml,0.2603,0.6227,1.1564,0.0057,0.2497,0.0054,0.3089,13.5944,0.1222
jwasham_coding-interview-university__links_checker.yml,0.2698,1.4405,1.1226,0.006,0.2616,0.0076,0.324,12.9252,0.135
krahets_hello-algo__c.yml,0.2642,0.3717,1.0874,0.0095,0.2469,0.0063,0.3586,13.799,0.1339
krahets_hello-algo__cpp.yml,0.2441,0.4231,1.0967,0.0056,0.2391,0.0042,0.3313,12.865,0.1261
krahets_hello-algo__dart.yml,0.2663,1.7204,1.0988,0.0065,0.2529,0.0042,0.3129,13.9462,0.1255
krahets_hello-algo__dotnet.yml,0.2023,0.8382,1.1207,0.0112,0.2487,0.0042,0.3223,17.1327,0.1287
krahets_hello-algo__go.yml,0.2802,0.6684,2.2412,0.0079,0.2616,0.0055,0.3735,13.4859,0.1248
krahets_hello-algo__java.yml,0.2588,0.7022,1.0621,0.0144,0.2567,0.0046,0.3476,14.2351,0.1265
krahets_hello-algo__javascript.yml,0.2686,1.7325,1.1117,0.0053,0.2394,0.0048,0.3172,13.6231,0.1199
krahets_hello-algo__kotlin.yml,0.268,0.5429,1.152,0.0056,0.2735,0.0043,0.3245,15.9157,0.1546
krahets_hello-algo__python.yml,0.2651,0.524,1.1571,0.0068,0.2819,0.0044,0.3452,13.9551,0.1363
krahets_hello-algo__ruby.yml,0.2689,1.3547,1.1769,0.0091,0.2536,0.0045,0.4513,13.6341,0.13
krahets_hello-algo__rust.yml,0.2542,0.7322,1.0881,0.0058,0.2549,0.0043,0.3562,17.804,0.1288
krahets_hello-algo__swift.yml,0.2595,0.4217,2.1466,0.01,0.3272,0.0053,0.3342,13.3126,0.1545
krahets_hello-algo__typescript.yml,0.205,0.6299,1.1435,0.0068,0.2743,0.0057,0.3255,12.9801,0.1213
langchain-ai_langchain___compile_integration_test.yml,0.2694,0.5029,2.2549,0.0051,0.2494,0.0086,0.3339,18.7556,0.127
langchain-ai_langchain___integration_test.yml,0.2605,0.4555,4.4794,0.0065,0.2444,0.0063,0.329,14.2252,0.1598
langchain-ai_langchain___lint.yml,0.2718,0.4607,2.2867,0.0117,0.2432,0.0053,0.3341,13.1918,0.1259
langchain-ai_langchain___release.yml,0.2666,2.0779,1.2547,0.0057,0.2453,0.0054,0.3539,12.8055,0.1266
langchain-ai_langchain___test.yml,0.2671,0.4913,1.1218,0.008,0.25,0.0036,1.3486,13.9399,0.1195
langchain-ai_langchain___test_doc_imports.yml,0.2643,0.3991,1.1367,0.0073,0.2856,0.0087,0.335,14.5192,0.1311
langchain-ai_langchain___test_pydantic.yml,0.2658,0.3751,1.1109,0.0058,0.2496,0.0065,0.3405,17.5812,0.124
langchain-ai_langchain___test_release.yml,0.2947,1.5581,1.1898,0.0091,0.2584,0.0059,0.3103,12.7456,0.1342
langchain-ai_langchain__api_doc_build.yml,0.2036,1.1616,1.1703,0.0054,0.2493,0.0056,0.3244,20.0467,0.1331
langchain-ai_langchain__check-broken-links.yml,0.2752,0.6205,1.1632,0.0068,0.2441,0.0047,0.3082,15.0042,0.1193
langchain-ai_langchain__check_core_versions.yml,0.2801,0.4406,1.1772,0.0098,0.3962,0.0065,0.4753,14.3303,0.1447
langchain-ai_langchain__check_diffs.yml,0.2141,0.7979,1.1625,0.0052,0.2573,0.0038,0.3327,13.452,0.1227
langchain-ai_langchain__check_new_docs.yml,0.2814,0.9229,1.3297,0.01,0.283,0.0043,0.4015,13.7133,0.1291
langchain-ai_langchain__codespell.yml,0.2637,0.4473,1.153,0.0051,0.3284,0.0052,0.3173,19.7029,0.1277
langchain-ai_langchain__codspeed.yml,0.2697,1.9935,2.2385,0.0053,0.2758,0.0069,0.3248,12.9945,0.1204
langchain-ai_langchain__people.yml,0.2721,0.4106,1.1349,0.0096,0.2495,0.0036,0.3068,14.4417,0.21
langchain-ai_langchain__run_notebooks.yml,0.2646,1.2218,1.1352,0.0066,0.2486,0.0049,0.3275,13.0045,0.1229
langchain-ai_langchain__scheduled_test.yml,0.2448,1.0639,1.1759,0.0065,0.2635,0.0057,0.3528,13.0453,0.1309
langgenius_dify__api-tests.yml,0.2738,0.7841,1.1753,0.0049,0.3273,0.004,0.3396,13.7364,0.1243
langgenius_dify__build-push.yml,0.2672,1.7752,1.2041,0.005,0.2347,0.0063,0.3179,12.1815,0.1228
langgenius_dify__db-migration-test.yml,0.2622,0.727,2.3033,0.0056,0.2567,0.0047,0.3347,13.9972,0.1259
langgenius_dify__deploy-dev.yml,0.262,0.389,1.1733,0.0065,0.2459,0.0047,0.3219,13.1109,0.1155
langgenius_dify__deploy-enterprise.yml,0.2615,0.3716,1.184,0.0048,0.2389,0.0048,0.3373,34.6516,0.1286
langgenius_dify__deploy-rag-dev.yml,0.2677,0.356,1.1847,0.0055,0.2649,0.0058,0.3053,13.4727,0.1197
langgenius_dify__docker-build.yml,0.2808,1.0414,1.3369,0.0127,0.3541,0.0046,0.3733,13.2369,0.1323
langgenius_dify__stale.yml,0.2645,0.5432,1.1168,0.0054,0.2634,0.0054,0.3381,12.6802,0.1327
langgenius_dify__style.yml,0.2701,1.6412,1.1417,0.008,0.2511,0.0052,0.3172,13.4172,0.1533
langgenius_dify__tool-test-sdks.yaml,0.2684,0.5682,1.1302,0.0064,0.2939,0.0057,0.3454,13.8111,0.1202
langgenius_dify__translate-i18n-base-on-english.yml,0.2105,1.1194,1.1959,0.0063,0.2543,0.0055,0.3715,17.6698,0.1358
langgenius_dify__vdb-tests.yml,0.2664,0.7863,1.1624,0.0066,0.2386,0.0039,0.3191,15.5553,0.1149
langgenius_dify__web-tests.yml,0.2612,1.7768,1.0951,0.0054,0.2745,0.0052,0.379,17.9075,0.1269
microsoft_PowerToys__dependency-review.yml,0.2067,0.9494,1.1596,0.0067,0.2599,0.0052,0.3661,13.3422,0.1239
microsoft_PowerToys__msstore-submissions.yml,0.2063,2.8812,1.142,0.0049,0.2626,0.0068,0.3727,15.7325,0.1259
microsoft_PowerToys__package-submissions.yml,0.2808,0.0201,1.1931,0.0118,0.2585,0.0055,0.312,13.7285,0.1243
microsoft_PowerToys__spelling2.yml,0.258,0.0367,1.1642,0.0053,0.2424,0.0042,0.3707,13.1703,0.1246
microsoft_TypeScript__accept-baselines-fix-lints.yaml,0.2649,0.0186,1.2571,0.01,0.2599,0.0045,0.3304,14.98,0.1309
microsoft_TypeScript__ci.yml,0.2938,0.0232,1.1904,0.006,0.2574,0.0073,0.3292,15.4774,0.1269
microsoft_TypeScript__close-issues.yml,0.2768,0.022,1.1446,0.0173,0.2519,0.0074,0.3316,14.8924,0.1234
microsoft_TypeScript__codeql.yml,0.3135,0.0244,1.2439,0.0053,0.2446,0.0061,0.3155,15.738,0.178
microsoft_TypeScript__copilot-setup-steps.yml,0.2704,0.0185,1.1024,0.0059,0.2395,0.0082,0.3282,12.9753,0.1295
microsoft_TypeScript__create-cherry-pick-pr.yml,0.2622,0.865,1.1636,0.0052,0.2645,0.0052,0.3671,12.7804,0.1416
microsoft_TypeScript__error-deltas-watchdog.yaml,0.267,0.0209,1.1139,0.007,0.2939,0.0068,0.3064,13.8632,0.1338
microsoft_TypeScript__insiders.yaml,0.2707,0.0196,1.21,0.0052,0.2558,0.0042,0.3394,14.3873,0.1236
microsoft_TypeScript__lkg.yml,0.2122,0.0149,1.1494,0.0048,0.2498,0.0045,0.3059,17.943,0.1219
microsoft_TypeScript__new-release-branch.yaml,0.2713,0.9289,1.1333,0.0053,0.3278,0.0039,0.3263,13.8397,0.1315
microsoft_TypeScript__nightly.yaml,0.2732,0.0202,1.2606,0.0054,0.2733,0.0046,0.3066,13.447,0.1195
microsoft_TypeScript__pr-modified-files.yml,0.2603,0.0194,1.1663,0.0048,0.2604,0.0051,0.3106,13.8154,0.129
microsoft_TypeScript__release-branch-artifact.yaml,0.2719,0.0124,1.2831,0.0076,0.2369,0.0077,0.3417,13.925,0.1223
microsoft_TypeScript__scorecard.yml,0.2668,0.0121,1.2313,0.0049,0.259,0.0064,0.3195,17.6205,0.1168
microsoft_TypeScript__set-version.yaml,0.2283,0.7021,1.2045,0.0066,0.339,0.0041,0.3081,13.2752,0.1204
microsoft_TypeScript__sync-branch.yaml,0.2674,0.8471,1.4367,0.0073,0.2494,0.0079,0.3142,13.4557,0.136
microsoft_TypeScript__sync-wiki.yml,0.2604,0.0067,1.1788,0.0053,0.2401,0.0057,0.362,13.5006,0.1465
microsoft_TypeScript__twoslash-repros.yaml,0.2668,0.8488,1.2091,0.0065,0.2546,0.0052,0.3111,16.0598,0.1233
microsoft_TypeScript__update-package-lock.yaml,0.2627,0.0177,1.2334,0.0056,0.2469,0.0046,0.3169,15.0354,0.149
microsoft_terminal__addToProject.yml,0.2668,0.3813,1.2119,0.006,0.243,0.0065,0.3335,16.0767,0.1371
microsoft_terminal__spelling2.yml,0.2768,0.5201,1.1835,0.0061,0.2615,0.0041,0.3235,13.1869,0.129
microsoft_terminal__winget.yml,0.2637,0.0178,2.2196,0.0058,0.3423,0.008,0.3324,17.1465,0.1227
microsoft_vscode__basic.yml,0.267,0.8353,1.1701,0.0054,0.2542,0.0054,0.3538,12.6134,0.1318
microsoft_vscode__ci.yml,0.2511,1.0848,1.1861,0.0053,0.2592,0.0058,0.3283,13.7283,0.1302
microsoft_vscode__monaco-editor.yml,0.2652,0.9336,1.1883,0.0099,0.2495,0.0042,0.3827,13.166,0.1281
microsoft_vscode__no-package-lock-changes.yml,0.2677,0.0352,1.388,0.0105,0.2678,0.0046,0.6142,13.6147,0.1283
microsoft_vscode__no-yarn-lock-changes.yml,0.263,0.0114,1.1678,0.0055,0.2386,0.0059,0.317,12.652,0.1226
microsoft_vscode__telemetry.yml,0.2763,1.2191,1.2173,0.0059,0.3042,0.0057,0.3109,13.2532,0.1263
mrdoob_three.js__ci.yml,0.2773,0.0225,1.1197,0.0105,0.3941,0.0046,0.4312,13.347,0.1275
mrdoob_three.js__codeql-code-scanning.yml,0.2472,0.0223,2.2742,0.0066,0.2416,0.0051,0.3533,14.1285,0.1275
mrdoob_three.js__read-size.yml,0.2654,0.0068,1.1801,0.0046,0.2701,0.0055,0.3271,13.2774,0.1279
mrdoob_three.js__report-size.yml,0.2616,0.0121,1.4921,0.0065,0.2397,0.0087,0.3079,12.6727,0.1223
n8n-io_n8n__benchmark-destroy-nightly.yml,0.2707,0.0085,1.2225,0.0097,0.2565,0.0038,0.3303,13.7059,0.1292
n8n-io_n8n__benchmark-nightly.yml,0.2628,0.0222,1.2191,0.0099,0.2591,0.0043,0.7594,13.3753,0.127
n8n-io_n8n__check-documentation-urls.yml,0.2973,0.0188,1.0984,0.0103,0.3206,0.0052,0.3826,13.6397,0.123
n8n-io_n8n__check-pr-title.yml,0.2652,0.0076,1.2165,0.0093,0.2597,0.0049,0.3313,13.5533,0.133
n8n-io_n8n__check-run-eligibility.yml,0.2664,0.0067,1.1174,0.0102,0.2651,0.0047,0.3752,13.3076,0.1637
n8n-io_n8n__chromatic.yml,0.29,0.027,2.7684,0.0078,0.2527,0.0052,0.3126,13.0915,0.1293
n8n-io_n8n__ci-master.yml,0.3193,0.0061,1.1835,0.0056,0.2537,0.0051,0.3519,12.6013,0.1301
n8n-io_n8n__ci-postgres-mysql.yml,0.2434,0.0084,1.1452,0.0051,0.2467,0.0063,0.3216,13.6191,0.132
n8n-io_n8n__ci-pull-requests.yml,0.2716,0.9518,1.101,0.0095,0.2618,0.0059,0.4289,13.4302,0.232
n8n-io_n8n__docker-base-image.yml,0.2701,0.0242,1.2398,0.0052,0.2434,0.008,0.3251,13.503,0.1148
n8n-io_n8n__docker-build-push.yml,0.2702,0.0262,1.2361,0.0056,0.2498,0.0051,0.3549,13.735,0.1419
n8n-io_n8n__docker-images-benchmark.yml,0.2876,0.0345,1.1875,0.0054,0.256,0.0098,0.3389,13.3917,0.1291
n8n-io_n8n__e2e-flaky.yml,0.2096,0.0125,1.1384,0.0068,0.2516,0.0063,0.4094,13.121,0.1157
n8n-io_n8n__e2e-reusable.yml,0.2835,0.0216,1.5638,0.007,0.3158,0.0049,0.356,13.6994,0.14
n8n-io_n8n__e2e-tests-pr.yml,0.2667,0.03,2.2684,0.0108,0.2668,0.0049,0.3159,13.4698,0.1231
n8n-io_n8n__e2e-tests.yml,0.2568,0.0264,1.1495,0.0071,0.2466,0.0038,0.315,13.7964,0.129
n8n-io_n8n__linting-reusable.yml,0.268,0.0055,1.1867,0.0064,0.2645,0.0068,0.3213,13.3778,0.1207
n8n-io_n8n__notify-pr-status.yml,0.2351,0.0314,1.1158,0.0071,0.2634,0.0076,0.4212,13.7937,0.1316
n8n-io_n8n__release-create-pr.yml,0.2726,0.0189,1.1962,0.0049,0.2601,0.0067,0.3465,13.6412,0.1168
n8n-io_n8n__release-publish.yml,0.266,0.0228,1.1825,0.0069,0.2969,0.0066,0.3469,17.3013,0.13
n8n-io_n8n__release-push-to-channel.yml,0.2619,0.0151,1.1559,0.0106,0.248,0.0056,0.4698,14.0515,0.1591
n8n-io_n8n__security-trivy-scan-callable.yml,0.2736,0.0095,1.1709,0.0058,0.2805,0.0063,0.3698,17.4391,0.1315
n8n-io_n8n__test-workflows-callable.yml,0.2585,0.0065,1.1961,0.0078,0.2667,0.0046,0.305,13.3018,0.1348
n8n-io_n8n__test-workflows-nightly.yml,0.2587,0.0055,1.1213,0.0054,0.2792,0.0068,0.339,13.3968,0.1203
n8n-io_n8n__test-workflows-pr-approved.yml,0.3095,0.0262,1.1794,0.0058,0.2346,0.0054,0.3087,13.2566,0.1286
n8n-io_n8n__test-workflows-pr-comment.yml,0.2891,0.7419,1.1805,0.0055,0.2838,0.0072,0.3187,15.5138,0.1259
n8n-io_n8n__units-tests-reusable.yml,0.2683,0.0377,1.113,0.0096,0.2636,0.0048,0.3198,13.5651,0.1315
nodejs_node__auto-start-ci.yml,0.273,0.032,1.1711,0.01,0.3422,0.005,0.3221,13.6025,0.1338
nodejs_node__build-tarball.yml,0.2686,0.0048,1.157,0.0062,0.2438,0.0048,0.3262,13.1504,0.1467
nodejs_node__close-stale-feature-requests.yml,0.2586,0.0188,1.2537,0.0127,0.2633,0.0061,0.4069,13.6956,0.215
nodejs_node__close-stale-pull-requests.yml,0.2705,0.0087,1.1511,0.0085,0.2461,0.0063,0.3105,13.0237,0.1334
nodejs_node__close-stalled.yml,0.2202,0.0181,1.1191,0.0074,0.2551,0.0038,0.3118,12.7933,0.1255
nodejs_node__codeql.yml,0.2786,0.0138,1.1366,0.0056,0.311,0.004,0.3083,12.9705,0.1294
nodejs_node__comment-labeled.yml,0.2092,0.0102,1.1388,0.0048,0.2456,0.0042,0.328,13.1332,0.1972
nodejs_node__commit-lint.yml,0.266,0.029,1.2288,0.0046,0.2973,0.0052,0.3054,18.6642,0.1293
nodejs_node__commit-queue.yml,0.2621,0.0272,1.135,0.0059,0.2432,0.0081,0.3474,12.6958,0.1157
nodejs_node__coverage-linux-without-intl.yml,0.2693,0.023,1.0925,0.0061,0.4173,0.0057,0.3207,13.0427,0.1285
nodejs_node__coverage-linux.yml,0.2737,0.0377,1.3154,0.0095,0.2912,0.0063,0.3063,13.9318,0.1196
nodejs_node__coverage-windows.yml,0.2669,0.0181,1.1184,0.006,0.2923,0.006,0.3706,13.2737,0.12
nodejs_node__create-release-proposal.yml,0.2895,0.0327,1.0954,0.0094,0.2861,0.0049,0.5595,13.4935,0.1716
nodejs_node__daily-wpt-fyi.yml,0.212,0.0422,1.2173,0.0076,0.2496,0.0074,0.325,12.4715,0.1206
nodejs_node__daily.yml,0.2044,0.0323,1.1669,0.0064,0.2595,0.0044,0.3168,20.2353,0.1238
nodejs_node__doc.yml,0.2618,0.0258,1.0756,0.0091,0.2624,0.0041,0.3305,13.238,0.1206
nodejs_node__find-inactive-collaborators.yml,0.3001,0.0168,1.121,0.0059,0.3287,0.0037,0.3289,12.1391,0.1241
nodejs_node__find-inactive-tsc.yml,0.2774,0.0096,1.3246,0.0079,0.3473,0.0086,0.3354,18.0656,0.1491
nodejs_node__label-flaky-test-issue.yml,0.2623,0.0081,1.1335,0.0077,0.2468,0.0041,0.3439,13.2686,0.1312
nodejs_node__label-pr.yml,0.2704,0.0301,1.1652,0.0075,0.238,0.0033,0.3007,16.85,0.1241
nodejs_node__license-builder.yml,0.2664,0.0199,2.4086,0.0099,0.2432,0.0089,0.3291,13.2698,0.1338
nodejs_node__lint-release-proposal.yml,0.2639,0.0344,1.2736,0.0068,0.2374,0.0041,0.3085,13.7852,0.133
nodejs_node__linters.yml,0.2643,0.0362,1.1767,0.0052,0.2603,0.0053,0.3191,13.2239,0.1297
nodejs_node__major-release.yml,0.272,0.0197,1.1226,0.0061,0.2574,0.0047,0.3194,15.855,0.1325
nodejs_node__notify-on-push.yml,0.2023,0.0322,1.1758,0.0054,0.2455,0.0039,0.3248,13.1051,0.1278
nodejs_node__notify-on-review-wanted.yml,0.2695,0.0173,2.3539,0.0063,0.266,0.0082,0.3241,15.6163,0.1315
nodejs_node__scorecard.yml,0.2115,0.03,1.4885,0.0081,0.2678,0.0044,0.3202,13.0777,0.1325
nodejs_node__test-internet.yml,0.2048,0.0304,1.1855,0.0055,0.2418,0.0044,0.3473,12.9767,0.1254
nodejs_node__test-linux.yml,0.2538,0.0168,1.2135,0.0052,0.2539,0.0092,0.3594,15.2663,0.1194
nodejs_node__test-macos.yml,0.2645,0.0223,2.2825,0.0099,0.2743,0.005,0.3519,13.7097,0.1272
nodejs_node__timezone-update.yml,0.2701,0.0114,1.1864,0.01,0.318,0.0048,0.576,13.2303,0.1293
nodejs_node__tools.yml,0.2676,0.006,1.1605,0.0092,0.2527,0.0053,0.4608,13.3283,0.1377
nodejs_node__update-openssl.yml,0.2217,0.0065,1.1292,0.0078,0.2809,0.004,0.3574,12.7925,0.1272
nodejs_node__update-release-links.yml,0.2712,0.0078,1.1197,0.0062,0.2587,0.0045,0.3255,13.4605,0.1337
nodejs_node__update-v8.yml,0.2697,0.0297,1.1421,0.0062,0.3087,0.0034,0.3362,13.4577,0.1223
nodejs_node__update-wpt.yml,0.2038,0.0224,1.0883,0.0082,0.2687,0.0042,0.3393,13.5993,0.1301
ohmyzsh_ohmyzsh__dependencies.yml,0.203,1.1368,1.1027,0.0053,0.2575,0.0049,0.3065,13.9784,0.1294
ohmyzsh_ohmyzsh__installer.yml,0.2642,0.4147,1.11,0.0056,0.2446,0.0065,0.3275,18.8706,0.1268
ohmyzsh_ohmyzsh__main.yml,0.2728,0.3852,1.1923,0.0054,0.2619,0.006,0.3712,20.2704,0.1707
ohmyzsh_ohmyzsh__project.yml,0.2676,0.3757,2.3114,0.0069,0.2484,0.0037,0.3056,14.471,0.1342
ollama_ollama__latest.yaml,0.2603,0.7093,1.1722,0.0052,0.2516,0.0062,0.3328,14.1531,0.1142
ollama_ollama__release.yaml,0.294,2.7285,1.385,0.0093,0.3159,0.0049,0.3588,13.3559,0.1787
ollama_ollama__test.yaml,0.2723,1.4964,1.2013,0.007,0.2791,0.0032,0.3232,14.4533,0.1314
open-webui_open-webui__build-release.yml,0.2658,0.894,1.145,0.0062,0.244,0.0036,0.3533,13.9261,0.1323
open-webui_open-webui__deploy-to-hf-spaces.yml,0.2774,0.3711,1.1228,0.0062,0.2568,0.0066,0.3163,17.1281,0.1204
open-webui_open-webui__docker-build.yaml,0.255,2.7624,1.2134,0.0096,0.2568,0.0074,0.31,17.7457,0.1472
open-webui_open-webui__format-backend.yaml,0.2066,1.8798,1.1797,0.0056,0.2527,0.0068,0.3292,14.438,0.1202
open-webui_open-webui__format-build-frontend.yaml,0.2591,0.6857,1.1947,0.0054,0.2485,0.0046,0.3143,14.1855,0.1235
open-webui_open-webui__release-pypi.yml,0.2484,1.5269,1.2887,0.0055,0.2472,0.0052,0.3404,13.6041,0.1279
oracle_docker-images__build-and-push-dev-images.yml,0.2866,1.3408,1.1344,0.0052,0.2859,0.0043,0.3491,13.5654,0.1458
oracle_docker-images__build-and-push-instantclient-images.yml,0.308,0.4347,1.227,0.0082,0.306,0.0057,0.3166,17.7987,0.1731
oracle_docker-images__build-and-push-nosql-image.yml,0.2506,1.3949,1.1126,0.0048,0.2473,0.0065,0.3056,12.1162,0.1346
oracle_docker-images__build-and-push-nosql-sec-image.yml,0.264,1.7106,1.1312,0.0053,0.254,0.0071,0.3124,15.6913,0.1139
oracle_docker-images__build-and-push-oci-cli-image.yml,0.2623,1.983,1.2356,0.0059,0.2661,0.006,0.4006,13.51,0.1196
oracle_docker-images__super-linter.yml,0.2657,0.8307,1.1232,0.0061,0.252,0.0047,0.3123,14.215,0.1204
oracle_graal__cdt-inspect.yml,0.2658,0.73,1.1283,0.0056,0.2609,0.0073,0.3201,13.3867,0.1165
oracle_graal__main.yml,0.3644,1.222,2.1088,0.0909,0.4594,0.0539,0.821,19.5654,0.1481
oracle_graal__micronaut.yml,0.2697,0.5382,1.1568,0.0081,0.2548,0.0048,0.3367,12.824,0.128
oracle_graal__ni-layers.yml,0.2737,1.1479,1.1723,0.0059,0.26,0.0046,0.3272,13.3844,0.1249
oracle_graal__quarkus.yml,0.2725,1.3454,1.1647,0.0117,0.2563,0.0049,0.3079,13.677,0.2137
oracle_graal__reachability-metadata.yml,0.2578,0.7991,1.1897,0.0057,0.2648,0.0059,0.3407,13.9181,0.1328
oracle_graal__spring.yml,0.2012,0.5386,1.2072,0.0056,0.2597,0.0048,0.3518,14.2108,0.1191
oracle_opengrok__apiary.yml,0.2635,0.6247,1.1115,0.0092,0.2955,0.0047,0.3272,13.8248,0.1254
oracle_opengrok__build.yml,0.271,1.1487,1.1362,0.0061,0.2856,0.0053,0.3341,12.546,0.1189
oracle_opengrok__codeql-analysis.yml,0.2829,2.9255,1.1866,0.0114,0.2664,0.0051,0.46,13.5787,0.1267
oracle_opengrok__docker.yml,0.2701,0.6032,1.1086,0.005,0.2353,0.0082,0.3586,14.3216,0.1286
oracle_opengrok__javadoc.yml,0.2721,0.9942,1.0922,0.0056,0.3521,0.0055,0.3091,13.0017,0.1323
oracle_opengrok__release.yml,0.2057,1.2583,1.1238,0.0083,0.2508,0.0051,0.5203,13.6856,0.1269
oracle_truffleruby__ci.yml,0.2682,1.7494,1.195,0.0082,0.2445,0.0042,0.3137,12.632,0.1298
oracle_truffleruby__prism.yml,0.2514,1.368,2.2338,0.0062,0.2527,0.0037,0.3123,13.6914,0.1172
ossu_computer-science__delete-empty-issues.yml,0.2639,0.4854,1.1755,0.0082,0.2762,0.0039,0.3633,13.7623,0.129
public-apis_public-apis__test_of_push_and_pull.yml,0.2722,0.5566,1.0575,0.0101,0.2495,0.0053,0.847,13.4787,0.1705
public-apis_public-apis__test_of_validate_package.yml,0.2632,0.6202,1.217,0.0072,0.2918,0.0081,0.3289,14.6249,0.1267
public-apis_public-apis__validate_links.yml,0.263,0.6242,1.2381,0.0051,0.2489,0.0072,0.3177,16.6974,0.117
rust-lang_rust__ci.yml,0.2172,0.7253,1.2632,0.0094,0.2622,0.0078,0.3369,13.6237,0.1338
rust-lang_rust__dependencies.yml,0.266,0.9082,1.1617,0.0086,0.2601,0.0043,0.3465,13.0469,0.1354
rust-lang_rust__ghcr.yml,0.2639,0.38,1.1506,0.0076,0.2856,0.0054,0.3067,17.7569,0.1241
rust-lang_rust__post-merge.yml,0.2084,0.5176,1.1492,0.0059,0.265,0.0041,0.3446,13.1726,0.1313
sindresorhus_awesome__main.yml,0.2686,0.3956,1.1651,0.0053,0.2589,0.005,0.3433,12.8526,0.1184
tensorflow_tensorflow__arm-cd.yml,0.2017,0.009,1.1841,0.0064,0.2618,0.0051,0.3342,12.5032,0.1269
tensorflow_tensorflow__arm-ci-extended-cpp.yml,0.2637,0.0221,1.1394,0.0064,0.2527,0.0068,0.3124,12.9855,0.1293
tensorflow_tensorflow__arm-ci-extended.yml,0.29,0.0281,1.1928,0.0076,0.2629,0.0051,0.3125,13.3814,0.1332
tensorflow_tensorflow__arm-ci.yml,0.2826,0.0195,1.189,0.006,0.2311,0.0039,0.3123,21.4029,0.1252
tensorflow_tensorflow__cffconvert.yml,0.2646,0.0072,1.106,0.0084,0.3158,0.0041,0.3191,13.2356,0.1344
tensorflow_tensorflow__issue-on-pr-rollback.yml,0.2711,0.0286,1.1452,0.006,0.2432,0.0052,0.3326,15.5732,0.1181
tensorflow_tensorflow__osv-scanner-scheduled.yml,0.1944,0.5593,1.1556,0.0054,0.2528,0.0047,0.3507,17.0862,0.1216
tensorflow_tensorflow__pylint-presubmit.yml,0.2704,0.0084,1.094,0.0048,0.3085,0.008,0.3513,12.9917,0.112
tensorflow_tensorflow__release-branch-cherrypick.yml,0.2672,0.0342,1.1626,0.0059,0.2515,0.0066,0.4145,13.4162,0.2014
tensorflow_tensorflow__scorecards-analysis.yml,0.2587,0.0205,1.1161,0.0069,0.255,0.0042,0.3011,12.7374,0.1296
tensorflow_tensorflow__stale-issues.yml,0.2681,0.0356,1.1461,0.0049,0.2527,0.0039,0.414,13.0071,0.1299
tensorflow_tensorflow__update-nightly.yml,0.2749,0.0201,1.5519,0.0099,0.2972,0.0042,0.4722,13.7606,0.1345
tensorflow_tensorflow__update-rbe.yml,0.2835,0.0183,1.3791,0.0143,0.3105,0.0059,0.4143,13.5062,0.126
trekhleb_javascript-algorithms__CI.yml,0.2068,0.8502,1.0663,0.007,0.2941,0.0058,0.3529,14.0289,0.1244
twbs_bootstrap__browserstack.yml,0.268,0.6614,1.1595,0.0066,0.2788,0.0038,0.3716,14.701,0.1266
twbs_bootstrap__bundlewatch.yml,0.2687,0.6274,1.1567,0.0057,0.2504,0.0046,0.32,13.1717,0.1661
twbs_bootstrap__calibreapp-image-actions.yml,0.269,0.6984,2.2267,0.0088,0.2588,0.005,0.332,12.4017,0.1249
twbs_bootstrap__codeql.yml,0.2572,2.8469,1.2794,0.0091,0.2517,0.0046,0.3119,12.816,0.1285
twbs_bootstrap__cspell.yml,0.2141,0.7478,2.2668,0.005,0.2852,0.0064,0.3352,15.6659,0.1251
twbs_bootstrap__css.yml,0.2588,0.6346,1.1376,0.0103,0.2686,0.0051,0.3708,13.4838,0.1806
twbs_bootstrap__docs.yml,0.1976,0.88,2.2662,0.0093,0.2469,0.005,0.3306,13.2279,0.214
twbs_bootstrap__issue-close-require.yml,0.2632,0.4175,1.1589,0.0051,0.2961,0.0056,0.3741,12.9274,0.116
twbs_bootstrap__issue-labeled.yml,0.2634,0.3874,1.315,0.009,0.2983,0.0069,0.381,12.9484,0.1646
twbs_bootstrap__js.yml,0.2657,0.8835,1.1562,0.0072,0.2748,0.0043,0.3194,23.9316,0.1282
twbs_bootstrap__lint.yml,0.2753,0.702,1.2523,0.0085,0.2906,0.0088,0.4368,13.8205,0.1454
twbs_bootstrap__node-sass.yml,0.2073,0.6527,1.1505,0.0052,0.238,0.0083,0.4215,12.7869,0.1195
twbs_bootstrap__release-notes.yml,0.2152,0.4549,4.5534,0.0048,0.2414,0.0043,0.3367,14.6642,0.1291
vercel_next.js__build_and_deploy.yml,0.2762,2.5605,1.2415,0.0056,0.2455,0.004,0.3534,13.7356,0.1407
vercel_next.js__build_and_test.yml,0.2136,0.7884,2.4364,0.0109,0.3387,0.0059,0.5874,13.4905,0.1631
vercel_next.js__build_reusable.yml,0.2653,1.3581,1.1647,0.0103,0.2657,0.0053,1.37,14.6177,0.1778
vercel_next.js__cancel.yml,0.2635,0.3859,1.1833,0.0055,0.2682,0.0066,0.3268,17.8512,0.1198
vercel_next.js__code_freeze.yml,0.2708,0.4553,1.172,0.0069,0.2644,0.0052,0.3246,13.6788,0.1285
vercel_next.js__force_merge_canary_release_pr.yml,0.2091,0.0124,1.1504,0.0062,0.2838,0.0087,0.3356,12.9063,0.1126
vercel_next.js__graphite_ci_optimizer.yml,0.2455,0.6204,1.1428,0.0108,0.2607,0.005,0.5295,13.1311,0.1345
vercel_next.js__integration_tests_reusable.yml,0.2666,0.6428,1.1777,0.0059,0.2486,0.0081,0.3207,15.0141,0.1269
vercel_next.js__issue_bankrupt.yml,0.2771,0.589,1.1273,0.006,0.2536,0.0033,0.3446,12.97,0.1237
vercel_next.js__issue_lock.yml,0.267,0.3249,1.2431,0.0053,0.2706,0.0054,0.3122,19.6522,0.1318
vercel_next.js__issue_stale.yml,0.2652,0.5226,1.1397,0.0055,0.2433,0.009,0.327,15.7778,0.122
vercel_next.js__issue_version.yml,0.3033,0.6021,1.1152,0.0057,0.2597,0.0055,0.3276,17.0734,0.1763
vercel_next.js__issue_wrong_template.yml,0.3152,0.6858,1.8514,0.0068,0.2669,0.0036,0.3859,14.9503,0.1295
vercel_next.js__notify_release.yml,0.2645,0.7866,1.2047,0.0056,0.2464,0.0094,0.33,18.0282,0.1265
vercel_next.js__popular.yml,0.3111,0.7965,1.1808,0.0064,0.2372,0.0047,0.3321,13.0613,0.1306
vercel_next.js__pull_request_stats.yml,0.2639,1.2454,4.3336,0.0057,0.2568,0.0058,0.3015,13.4218,0.12
vercel_next.js__retry_deploy_test.yml,0.2627,0.4183,1.2046,0.0049,0.2483,0.0042,0.341,19.8287,0.1235
vercel_next.js__retry_test.yml,0.2801,0.5178,2.213,0.0096,0.2724,0.0051,0.3088,13.5128,0.1342
vercel_next.js__rspack-nextjs-build-integration-tests.yml,0.266,0.0054,1.4081,0.0079,0.2532,0.0046,0.3357,13.1782,0.1356
vercel_next.js__rspack-nextjs-dev-integration-tests.yml,0.2685,0.0051,1.1304,0.0053,0.2922,0.0066,0.3332,13.2305,0.1236
vercel_next.js__rspack-update-tests-manifest.yml,0.2622,0.6229,1.1471,0.0054,0.237,0.0059,0.3093,12.7302,0.1283
vercel_next.js__setup-nextjs-build.yml,0.2664,2.2031,1.1418,0.0065,0.2889,0.0053,0.337,16.7522,0.1221
vercel_next.js__test-turbopack-rust-bench-test.yml,0.263,0.7028,1.2321,0.0101,0.2521,0.0038,0.3172,13.3466,0.129
vercel_next.js__test_e2e_deploy_release.yml,0.2179,0.9381,1.2279,0.01,0.2952,0.005,0.4133,13.7546,0.1335
vercel_next.js__test_examples.yml,0.2605,1.1602,2.2244,0.0054,0.2504,0.0045,0.3137,12.9792,0.1413
vercel_next.js__triage.yml,0.213,0.3917,1.2233,0.0052,0.2401,0.0084,0.3153,15.4722,0.1123
vercel_next.js__triage_with_ai.yml,0.2708,0.9374,1.1605,0.0056,0.3044,0.0039,0.3103,16.5196,0.1213
vercel_next.js__trigger_release.yml,0.2627,0.6334,2.3655,0.0069,0.2631,0.004,0.7967,13.7613,0.1322
vercel_next.js__trigger_release_new.yml,0.2711,1.3859,1.1626,0.0049,0.2674,0.0055,0.32,14.677,0.1316
vercel_next.js__turbopack-benchmark.yml,0.2608,1.2048,1.1252,0.0055,0.344,0.0039,0.3185,12.5698,0.1266
vercel_next.js__turbopack-nextjs-build-integration-tests.yml,0.2615,0.0301,1.1762,0.0112,0.2473,0.004,0.342,13.1382,0.1301
vercel_next.js__turbopack-nextjs-dev-integration-tests.yml,0.239,0.0126,1.1008,0.0055,0.2793,0.0074,0.3098,17.3691,0.1249
vercel_next.js__turbopack-update-tests-manifest.yml,0.2684,0.6706,1.2566,0.0061,0.328,0.0057,0.3192,12.8257,0.1272
vercel_next.js__update_fonts_data.yml,0.2806,0.8197,1.1372,0.0064,0.311,0.004,0.3372,12.9797,0.1381
vercel_next.js__update_react.yml,0.2715,0.61,1.1195,0.0057,0.2717,0.0049,0.3235,15.2652,0.1311
vercel_next.js__upload-tests-manifest.yml,0.2704,0.6943,1.2277,0.0056,0.2473,0.0057,0.3242,13.2937,0.1298
vuejs_vue__ci.yml,0.2624,1.8019,1.127,0.0072,0.2694,0.0054,0.3214,13.2495,0.14
vuejs_vue__release-tag.yml,0.2077,0.8228,1.2331,0.0056,0.2398,0.0044,0.3183,15.3285,0.143
yangshun_tech-interview-handbook__lint.yml,0.2756,0.7046,1.1149,0.0052,0.2433,0.0059,0.329,12.9783,0.1258
yangshun_tech-interview-handbook__tsc.yml,0.2691,0.8123,1.1544,0.0066,0.2415,0.0059,0.3645,12.8822,0.1307
yt-dlp_yt-dlp__build.yml,0.2761,1.6688,1.2153,0.0056,0.2545,0.0037,0.35,13.4615,0.1351
yt-dlp_yt-dlp__codeql.yml,0.2503,2.7864,1.1921,0.005,0.2827,0.0036,0.3761,13.9356,0.126
yt-dlp_yt-dlp__core.yml,0.2712,0.6514,2.3077,0.0058,0.247,0.007,0.3162,15.1616,0.1287
yt-dlp_yt-dlp__download.yml,0.2622,0.6078,4.2932,0.006,0.2502,0.0063,0.3496,12.9075,0.1356
yt-dlp_yt-dlp__issue-lockdown.yml,0.262,0.0214,1.1237,0.0092,0.2554,0.0052,0.3535,13.2918,0.1249
yt-dlp_yt-dlp__quick-test.yml,0.2686,0.5479,1.3107,0.0096,0.3168,0.0081,0.4726,15.5909,0.1303
yt-dlp_yt-dlp__release-master.yml,0.2209,1.0984,1.1689,0.0059,0.2889,0.0034,0.3573,14.8497,0.1294
yt-dlp_yt-dlp__release-nightly.yml,0.2577,1.1126,1.265,0.0055,0.2573,0.0047,0.3467,13.4359,0.1201
yt-dlp_yt-dlp__release.yml,0.2058,1.6554,1.2405,0.0059,0.2418,0.0073,0.4421,13.6978,0.1314
yt-dlp_yt-dlp__sanitize-comment.yml,0.267,0.4518,1.1307,0.0102,0.2798,0.0036,0.3233,13.7459,0.1208
ytdl-org_youtube-dl__ci.yml,0.2854,1.5617,1.2958,0.0089,0.3294,0.0051,0.7055,13.6838,0.1412
