full_workflow_name,execution_time_seconds,repo,workflow_file,loc,num_jobs,num_triggers,trigger_types,num_reused_actions
oracle_graal__main.yml,19.5654,oracle/graal,main.yml,276,2,4,"push, pull_request, schedule, workflow_dispatch",6
huggingface_transformers__build_pr_documentation.yml,17.4415,huggingface/transformers,build_pr_documentation.yml,17,1,1,pull_request,1
oracle_docker-images__build-and-push-instantclient-images.yml,17.7987,oracle/docker-images,build-and-push-instantclient-images.yml,115,1,2,"push, workflow_dispatch",1
nodejs_node__find-inactive-tsc.yml,18.0656,nodejs/node,find-inactive-tsc.yml,62,1,2,"schedule, workflow_dispatch",4
yt-dlp_yt-dlp__quick-test.yml,15.5909,yt-dlp/yt-dlp,quick-test.yml,42,2,2,"push, pull_request",4
twbs_bootstrap__lint.yml,13.8205,twbs/bootstrap,lint.yml,37,1,3,"push, pull_request, workflow_dispatch",2
electron_electron__pipeline-electron-build-and-test-and-nan.yml,13.0586,electron/electron,pipeline-electron-build-and-test-and-nan.yml,93,3,1,workflow_call,3
twbs_bootstrap__issue-labeled.yml,12.9484,twbs/bootstrap,issue-labeled.yml,26,1,1,issues,1
facebook_react__shared_label_core_team_prs.yml,12.6465,facebook/react,shared_label_core_team_prs.yml,55,3,1,pull_request_target,2
facebook_react__compiler_typescript.yml,12.8731,facebook/react,compiler_typescript.yml,108,4,2,"push, pull_request",10
huggingface_transformers__self-past-caller.yml,13.0715,huggingface/transformers,self-past-caller.yml,40,2,1,workflow_call,2
electron_electron__pipeline-segment-electron-gn-check.yml,14.1354,electron/electron,pipeline-segment-electron-gn-check.yml,162,1,1,workflow_call,7
n8n-io_n8n__e2e-reusable.yml,13.6994,n8n-io/n8n,e2e-reusable.yml,189,4,1,workflow_call,10
Chalarangelo_30-seconds-of-code__deploy-production.yml,13.0557,Chalarangelo/30-seconds-of-code,deploy-production.yml,17,1,2,"schedule, workflow_dispatch",1
denoland_deno__start_release.yml,13.7016,denoland/deno,start_release.yml,45,1,1,workflow_dispatch,2
denoland_deno__ci.yml,13.4937,denoland/deno,ci.yml,843,4,2,"push, pull_request",22
Significant-Gravitas_AutoGPT__repo-pr-enforce-base-branch.yml,13.0317,Significant-Gravitas/AutoGPT,repo-pr-enforce-base-branch.yml,21,1,1,pull_request_target,0
freeCodeCamp_freeCodeCamp__crowdin-upload.curriculum.yml,13.1607,freeCodeCamp/freeCodeCamp,crowdin-upload.curriculum.yml,75,1,2,"workflow_dispatch, schedule",7
vercel_next.js__build_and_test.yml,13.4905,vercel/next.js,build_and_test.yml,916,41,2,"push, pull_request",42
huggingface_transformers__stale.yml,13.6433,huggingface/transformers,stale.yml,29,1,1,schedule,2
facebook_fbthrift__getdeps_linux.yml,13.3831,facebook/fbthrift,getdeps_linux.yml,597,1,2,"push, pull_request",60
microsoft_vscode__no-package-lock-changes.yml,13.6147,microsoft/vscode,no-package-lock-changes.yml,51,1,1,pull_request,2
n8n-io_n8n__benchmark-nightly.yml,13.3753,n8n-io/n8n,benchmark-nightly.yml,104,1,2,"schedule, workflow_dispatch",5
flutter_flutter__merge-changelog.yml,13.7018,flutter/flutter,merge-changelog.yml,58,1,1,push,1
facebook_rocksdb__pr-jobs-candidate.yml,15.8531,facebook/rocksdb,pr-jobs-candidate.yml,47,2,1,workflow_dispatch,8
google_dagger__release.yml,15.318,google/dagger,release.yml,160,8,1,workflow_dispatch,19
Significant-Gravitas_AutoGPT__classic-python-checks.yml,16.5757,Significant-Gravitas/AutoGPT,classic-python-checks.yml,151,3,2,"push, pull_request",8
IBM_sarama__ci.yml,14.857,IBM/sarama,ci.yml,79,2,3,"merge_group, push, pull_request",5
avelino_awesome-go__check-for-spammy-issues.yml,14.4882,avelino/awesome-go,check-for-spammy-issues.yml,14,1,1,issues,1
huggingface_transformers__self-push-amd-mi210-caller.yml,15.1413,huggingface/transformers,self-push-amd-mi210-caller.yml,25,1,1,push,1
google_auto__ci.yml,14.025,google/auto,ci.yml,97,3,2,"push, pull_request",10
google_go-github__tests.yml,13.538,google/go-github,tests.yml,81,1,2,"push, pull_request",4
huggingface_transformers__self-comment-ci.yml,13.3593,huggingface/transformers,self-comment-ci.yml,416,8,1,issue_comment,6
facebook_folly__oss-build-and-test.yml,13.6787,facebook/folly,oss-build-and-test.yml,147,4,3,"push, pull_request, workflow_dispatch",17
ytdl-org_youtube-dl__ci.yml,13.6838,ytdl-org/youtube-dl,ci.yml,482,3,3,"push, pull_request, workflow_dispatch",8
nodejs_node__timezone-update.yml,13.2303,nodejs/node,timezone-update.yml,72,1,2,"schedule, workflow_dispatch",3
TheAlgorithms_Python__sphinx.yml,13.6429,TheAlgorithms/Python,sphinx.yml,50,2,3,"push, pull_request, workflow_dispatch",6
langgenius_dify__docker-build.yml,13.2369,langgenius/dify,docker-build.yml,48,1,1,pull_request,3
tensorflow_tensorflow__update-rbe.yml,13.5062,tensorflow/tensorflow,update-rbe.yml,143,1,1,workflow_dispatch,2
langchain-ai_langchain__check_new_docs.yml,13.7133,langchain-ai/langchain,check_new_docs.yml,35,1,2,"push, pull_request",3
tensorflow_tensorflow__update-nightly.yml,13.7606,tensorflow/tensorflow,update-nightly.yml,34,1,2,"workflow_dispatch, schedule",1
facebook_react-native__stale-bot.yml,13.5955,facebook/react-native,stale-bot.yml,77,4,1,schedule,4
excalidraw_excalidraw__cancel.yml,13.4616,excalidraw/excalidraw,cancel.yml,17,1,2,"push, pull_request",1
freeCodeCamp_freeCodeCamp__e2e-playwright.yml,13.3976,freeCodeCamp/freeCodeCamp,e2e-playwright.yml,178,3,3,"workflow_dispatch, workflow_run, pull_request",13
oracle_opengrok__codeql-analysis.yml,13.5787,oracle/opengrok,codeql-analysis.yml,39,1,3,"push, pull_request, schedule",5
facebook_react__shared_lint.yml,13.7879,facebook/react,shared_lint.yml,110,4,2,"push, pull_request",12
Significant-Gravitas_AutoGPT__classic-benchmark_publish_package.yml,13.7331,Significant-Gravitas/AutoGPT,classic-benchmark_publish_package.yml,55,1,1,workflow_dispatch,3
huggingface_transformers__model_jobs.yml,13.5545,huggingface/transformers,model_jobs.yml,142,1,1,workflow_call,1
Significant-Gravitas_AutoGPT__repo-workflow-checker.yml,13.3124,Significant-Gravitas/AutoGPT,repo-workflow-checker.yml,32,1,2,"pull_request, merge_group",2
huggingface_transformers__slack-report.yml,14.2432,huggingface/transformers,slack-report.yml,93,1,1,workflow_call,3
mrdoob_three.js__ci.yml,13.347,mrdoob/three.js,ci.yml,114,5,1,pull_request,11
excalidraw_excalidraw__size-limit.yml,13.9138,excalidraw/excalidraw,size-limit.yml,28,1,1,pull_request,3
n8n-io_n8n__check-documentation-urls.yml,13.6397,n8n-io/n8n,check-documentation-urls.yml,47,1,3,"release, schedule, workflow_dispatch",3
freeCodeCamp_freeCodeCamp__deploy-client.yml,13.8452,freeCodeCamp/freeCodeCamp,deploy-client.yml,223,2,1,workflow_dispatch,4
langchain-ai_langchain__check_core_versions.yml,14.3303,langchain-ai/langchain,check_core_versions.yml,29,1,1,pull_request,1
TheAlgorithms_Python__build.yml,14.3346,TheAlgorithms/Python,build.yml,37,1,2,"pull_request, schedule",3
krahets_hello-algo__ruby.yml,13.6341,krahets/hello-algo,ruby.yml,37,1,3,"push, pull_request, workflow_dispatch",2
electron_electron__linux-publish.yml,13.4786,electron/electron,linux-publish.yml,87,4,1,workflow_dispatch,5
nodejs_node__tools.yml,13.3283,nodejs/node,tools.yml,319,1,2,"schedule, workflow_dispatch",3
huggingface_transformers__self-scheduled-amd-caller.yml,13.8945,huggingface/transformers,self-scheduled-amd-caller.yml,14,1,1,schedule,0
alibaba_tengine__test-ntls.yml,13.9987,alibaba/tengine,test-ntls.yml,101,1,2,"push, pull_request",5
freeCodeCamp_freeCodeCamp__docker-docr-cleanup.yml,13.6495,freeCodeCamp/freeCodeCamp,docker-docr-cleanup.yml,53,1,2,"workflow_dispatch, schedule",3
n8n-io_n8n__release-push-to-channel.yml,14.0515,n8n-io/n8n,release-push-to-channel.yml,119,5,1,workflow_dispatch,3
public-apis_public-apis__test_of_push_and_pull.yml,13.4787,public-apis/public-apis,test_of_push_and_pull.yml,37,1,2,"push, pull_request",2
facebook_react-native__publish-release.yml,13.8295,facebook/react-native,publish-release.yml,239,13,1,push,23
facebook_watchman__release.yml,13.2747,facebook/watchman,release.yml,367,14,1,push,37
vercel_next.js__test_e2e_deploy_release.yml,13.7546,vercel/next.js,test_e2e_deploy_release.yml,88,3,2,"release, workflow_dispatch",4
rust-lang_rust__ci.yml,13.6237,rust-lang/rust,ci.yml,335,3,2,"push, pull_request",5
krahets_hello-algo__c.yml,13.799,krahets/hello-algo,c.yml,72,1,3,"push, pull_request, workflow_dispatch",1
n8n-io_n8n__ci-pull-requests.yml,13.4302,n8n-io/n8n,ci-pull-requests.yml,103,4,1,pull_request,11
facebook_react__shared_cleanup_stale_branch_caches.yml,13.2859,facebook/react,shared_cleanup_stale_branch_caches.yml,36,1,2,"schedule, workflow_dispatch",0
n8n-io_n8n__check-run-eligibility.yml,13.3076,n8n-io/n8n,check-run-eligibility.yml,109,1,1,workflow_call,2
IBM_sarama__i386.yml,13.5697,IBM/sarama,i386.yml,47,1,3,"merge_group, push, pull_request",2
axios_axios__codeql-analysis.yml,13.1509,axios/axios,codeql-analysis.yml,47,1,3,"push, pull_request, schedule",3
twbs_bootstrap__docs.yml,13.2279,twbs/bootstrap,docs.yml,50,1,3,"push, pull_request, workflow_dispatch",3
axios_axios__sponsors.yml,13.8776,axios/axios,sponsors.yml,72,1,3,"workflow_dispatch, repository_dispatch, schedule",3
freeCodeCamp_freeCodeCamp__curriculum-i18n-submodule.yml,13.6348,freeCodeCamp/freeCodeCamp,curriculum-i18n-submodule.yml,70,1,2,"push, workflow_dispatch",3
n8n-io_n8n__check-pr-title.yml,13.5533,n8n-io/n8n,check-pr-title.yml,36,1,1,pull_request,3
facebook_rocksdb__benchmark-linux.yml,14.3252,facebook/rocksdb,benchmark-linux.yml,15,1,1,workflow_dispatch,4
huggingface_transformers__build-docker-images.yml,13.7304,huggingface/transformers,build-docker-images.yml,355,8,4,"push, repository_dispatch, workflow_call, schedule",43
n8n-io_n8n__units-tests-reusable.yml,13.5651,n8n-io/n8n,units-tests-reusable.yml,83,1,1,workflow_call,5
nodejs_node__auto-start-ci.yml,13.6025,nodejs/node,auto-start-ci.yml,75,2,1,schedule,2
microsoft_PowerToys__package-submissions.yml,13.7285,microsoft/PowerToys,package-submissions.yml,38,1,2,"workflow_dispatch, release",0
excalidraw_excalidraw__autorelease-excalidraw.yml,14.0421,excalidraw/excalidraw,autorelease-excalidraw.yml,27,1,1,push,2
n8n-io_n8n__e2e-tests-pr.yml,13.4698,n8n-io/n8n,e2e-tests-pr.yml,79,3,1,pull_request_review,3
facebook_react__compiler_prereleases_manual.yml,13.7305,facebook/react,compiler_prereleases_manual.yml,37,1,1,workflow_dispatch,1
facebook_react-native__monitor-new-issues.yml,14.1368,facebook/react-native,monitor-new-issues.yml,45,1,2,"schedule, workflow_dispatch",4
oracle_opengrok__apiary.yml,13.8248,oracle/opengrok,apiary.yml,23,1,2,"push, pull_request",1
huggingface_transformers__self-scheduled.yml,14.1921,huggingface/transformers,self-scheduled.yml,536,10,1,workflow_call,11
vercel_next.js__retry_test.yml,13.5128,vercel/next.js,retry_test.yml,63,2,1,workflow_run,1
nodejs_node__coverage-linux.yml,13.9318,nodejs/node,coverage-linux.yml,84,1,2,"pull_request, push",4
facebook_watchman__package.yml,14.1714,facebook/watchman,package.yml,56,2,1,push,5
facebook_react-native__test-libraries-on-nightlies.yml,13.4018,facebook/react-native,test-libraries-on-nightlies.yml,100,3,1,workflow_call,7
nodejs_node__close-stale-feature-requests.yml,13.6956,nodejs/node,close-stale-feature-requests.yml,56,1,2,"workflow_dispatch, schedule",1
goldbergyoni_nodebestpractices__automerge-prs.yml,13.8422,goldbergyoni/nodebestpractices,automerge-prs.yml,33,1,4,"pull_request, pull_request_review, check_suite, status",1
Significant-Gravitas_AutoGPT__classic-forge-ci.yml,13.9664,Significant-Gravitas/AutoGPT,classic-forge-ci.yml,243,1,2,"push, pull_request",7
twbs_bootstrap__css.yml,13.4838,twbs/bootstrap,css.yml,40,1,3,"push, pull_request, workflow_dispatch",2
oracle_graal__quarkus.yml,13.677,oracle/graal,quarkus.yml,183,2,3,"pull_request, schedule, workflow_dispatch",9
flutter_flutter__content-aware-hash.yml,13.8987,flutter/flutter,content-aware-hash.yml,26,1,1,workflow_dispatch,1
vercel_next.js__build_reusable.yml,14.6177,vercel/next.js,build_reusable.yml,298,1,1,workflow_call,9
google_blockly__assign_reviewers.yml,13.3691,google/blockly,assign_reviewers.yml,43,1,1,pull_request_target,1
huggingface_transformers__self-scheduled-caller.yml,14.3235,huggingface/transformers,self-scheduled-caller.yml,113,7,4,"repository_dispatch, schedule, push, workflow_dispatch",7
huggingface_transformers__add-model-like.yml,13.9978,huggingface/transformers,add-model-like.yml,80,1,1,push,3
Significant-Gravitas_AutoGPT__platform-autgpt-deploy-prod.yml,13.9834,Significant-Gravitas/AutoGPT,platform-autgpt-deploy-prod.yml,50,2,1,release,3
denoland_deno__promote_to_release.yml,14.0294,denoland/deno,promote_to_release.yml,171,2,1,workflow_dispatch,10
electron_electron__pipeline-electron-lint.yml,13.6095,electron/electron,pipeline-electron-lint.yml,84,1,1,workflow_call,3
Significant-Gravitas_AutoGPT__classic-autogpt-docker-cache-clean.yml,13.8791,Significant-Gravitas/AutoGPT,classic-autogpt-docker-cache-clean.yml,60,1,1,schedule,3
huggingface_transformers__update_metdata.yml,14.1723,huggingface/transformers,update_metdata.yml,27,1,1,push,1
freeCodeCamp_freeCodeCamp__i18n-validate-builds.yml,12.9218,freeCodeCamp/freeCodeCamp,i18n-validate-builds.yml,44,1,1,push,3
facebook_create-react-app__lint.yml,13.528,facebook/create-react-app,lint.yml,21,1,2,"push, pull_request",2
vercel_next.js__code_freeze.yml,13.6788,vercel/next.js,code_freeze.yml,47,1,1,workflow_dispatch,1
electron_electron__build-git-cache.yml,14.248,electron/electron,build-git-cache.yml,74,3,1,schedule,6
nodejs_node__update-wpt.yml,13.5993,nodejs/node,update-wpt.yml,87,1,2,"schedule, workflow_dispatch",3
huggingface_transformers__model_jobs_intel_gaudi.yml,13.2728,huggingface/transformers,model_jobs_intel_gaudi.yml,121,1,1,workflow_call,2
facebook_mcrouter__build.yml,13.2772,facebook/mcrouter,build.yml,24,1,2,"push, pull_request",1
nodejs_node__update-release-links.yml,13.4605,nodejs/node,update-release-links.yml,20,1,2,"workflow_dispatch, release",0
tensorflow_tensorflow__cffconvert.yml,13.2356,tensorflow/tensorflow,cffconvert.yml,38,1,1,push,2
krahets_hello-algo__python.yml,13.9551,krahets/hello-algo,python.yml,41,1,3,"push, pull_request, workflow_dispatch",2
facebook_react-native__autorebase.yml,13.8904,facebook/react-native,autorebase.yml,27,1,1,issue_comment,2
axios_axios__publish.yml,13.8409,axios/axios,publish.yml,84,2,2,"pull_request, workflow_dispatch",8
vercel_next.js__trigger_release.yml,13.7613,vercel/next.js,trigger_release.yml,110,1,2,"schedule, workflow_dispatch",2
oracle_opengrok__release.yml,13.6856,oracle/opengrok,release.yml,64,2,1,release,6
IBM_sarama__apidiff.yml,13.7138,IBM/sarama,apidiff.yml,55,1,3,"merge_group, push, pull_request",3
huggingface_transformers__build-nightly-ci-docker-images.yml,13.4302,huggingface/transformers,build-nightly-ci-docker-images.yml,67,2,2,"workflow_call, push",8
facebook_react-native__on-issue-labeled.yml,14.1053,facebook/react-native,on-issue-labeled.yml,60,2,1,issues,5
vercel_next.js__graphite_ci_optimizer.yml,13.1311,vercel/next.js,graphite_ci_optimizer.yml,51,1,1,workflow_call,1
nodejs_node__create-release-proposal.yml,13.4935,nodejs/node,create-release-proposal.yml,81,1,1,workflow_dispatch,2
krahets_hello-algo__java.yml,14.2351,krahets/hello-algo,java.yml,29,1,3,"push, pull_request, workflow_dispatch",2
nodejs_node__test-macos.yml,13.7097,nodejs/node,test-macos.yml,100,1,2,"pull_request, push",3
freeCodeCamp_freeCodeCamp__crowdin-download.client-ui.yml,13.7003,freeCodeCamp/freeCodeCamp,crowdin-download.client-ui.yml,339,1,2,"workflow_dispatch, schedule",15
awslabs_amazon-ecr-credential-helper__new-pull-requests.yml,14.2555,awslabs/amazon-ecr-credential-helper,new-pull-requests.yml,27,1,1,pull_request_target,1
Chalarangelo_30-seconds-of-code__stale.yml,13.7696,Chalarangelo/30-seconds-of-code,stale.yml,32,1,1,schedule,1
krahets_hello-algo__go.yml,13.4859,krahets/hello-algo,go.yml,36,1,3,"push, pull_request, workflow_dispatch",2
facebook_react__runtime_build_and_test.yml,13.1127,facebook/react,runtime_build_and_test.yml,883,19,2,"push, pull_request",76
electron_electron__issue-transferred.yml,13.8137,electron/electron,issue-transferred.yml,27,1,1,issues,2
microsoft_TypeScript__pr-modified-files.yml,13.8154,microsoft/TypeScript,pr-modified-files.yml,135,1,1,pull_request_target,0
krahets_hello-algo__dart.yml,13.9462,krahets/hello-algo,dart.yml,36,1,3,"push, pull_request, workflow_dispatch",2
langgenius_dify__db-migration-test.yml,13.9972,langgenius/dify,db-migration-test.yml,57,1,1,pull_request,3
huggingface_transformers__check_failed_tests.yml,13.0789,huggingface/transformers,check_failed_tests.yml,205,1,1,workflow_call,3
langchain-ai_langchain__run_notebooks.yml,13.0045,langchain-ai/langchain,run_notebooks.yml,72,1,2,"workflow_dispatch, schedule",4
IBM_sarama__fvt-main.yml,13.1708,IBM/sarama,fvt-main.yml,50,1,2,"merge_group, push",1
vercel_next.js__test_examples.yml,12.9792,vercel/next.js,test_examples.yml,51,1,2,"workflow_dispatch, schedule",2
rust-lang_rust__post-merge.yml,13.1726,rust-lang/rust,post-merge.yml,53,1,1,push,1
nodejs_node__linters.yml,13.2239,nodejs/node,linters.yml,206,10,2,"pull_request, push",18
NVIDIA_cutlass__blossom-ci.yml,12.7359,NVIDIA/cutlass,blossom-ci.yml,112,4,2,"issue_comment, workflow_dispatch",2
facebook_watchman__getdeps_linux.yml,12.8347,facebook/watchman,getdeps_linux.yml,704,1,2,"push, pull_request",73
freeCodeCamp_freeCodeCamp__github-autoclose.yml,13.0242,freeCodeCamp/freeCodeCamp,github-autoclose.yml,71,1,1,pull_request_target,1
oracle_opengrok__javadoc.yml,13.0017,oracle/opengrok,javadoc.yml,44,1,1,push,4
facebook_folly__getdeps_windows.yml,13.4428,facebook/folly,getdeps_windows.yml,404,1,2,"push, pull_request",40
langgenius_dify__style.yml,13.4172,langgenius/dify,style.yml,183,4,1,pull_request,14
facebook_facebook-android-sdk__needs-attention.yml,13.0237,facebook/facebook-android-sdk,needs-attention.yml,18,1,1,issue_comment,2
huggingface_transformers__doctest_job.yml,12.8529,huggingface/transformers,doctest_job.yml,83,1,1,workflow_call,1
microsoft_TypeScript__copilot-setup-steps.yml,12.9753,microsoft/TypeScript,copilot-setup-steps.yml,22,1,1,workflow_dispatch,2
yangshun_tech-interview-handbook__lint.yml,12.9783,yangshun/tech-interview-handbook,lint.yml,44,1,1,pull_request,2
huggingface_transformers__benchmark.yml,13.0353,huggingface/transformers,benchmark.yml,76,1,2,"push, pull_request",1
Significant-Gravitas_AutoGPT__repo-stats.yml,13.0368,Significant-Gravitas/AutoGPT,repo-stats.yml,20,1,2,"schedule, workflow_dispatch",1
freeCodeCamp_freeCodeCamp__e2e-third-party.yml,14.5952,freeCodeCamp/freeCodeCamp,e2e-third-party.yml,170,3,2,"workflow_dispatch, push",12
microsoft_terminal__addToProject.yml,16.0767,microsoft/terminal,addToProject.yml,21,1,1,issues,1
google_blockly__browser_test.yml,14.0983,google/blockly,browser_test.yml,55,1,1,workflow_dispatch,2
facebook_react__compiler_discord_notify.yml,15.9665,facebook/react,compiler_discord_notify.yml,49,3,1,pull_request_target,2
electron_electron__pipeline-electron-build-and-test.yml,16.6994,electron/electron,pipeline-electron-build-and-test.yml,90,2,1,workflow_call,2
twbs_bootstrap__cspell.yml,15.6659,twbs/bootstrap,cspell.yml,36,1,3,"push, pull_request, workflow_dispatch",2
freeCodeCamp_freeCodeCamp__crowdin-upload.client-ui.yml,17.5259,freeCodeCamp/freeCodeCamp,crowdin-upload.client-ui.yml,50,1,2,"workflow_dispatch, schedule",3
microsoft_TypeScript__ci.yml,15.4774,microsoft/TypeScript,ci.yml,340,12,2,"push, pull_request",29
krahets_hello-algo__rust.yml,17.804,krahets/hello-algo,rust.yml,27,1,2,"push, pull_request",2
huggingface_transformers__doctests.yml,16.8504,huggingface/transformers,doctests.yml,89,3,3,"push, repository_dispatch, schedule",4
denoland_deno__post_publish.yml,17.0629,denoland/deno,post_publish.yml,34,1,1,release,4
electron_electron__pull-request-labeled.yml,17.7951,electron/electron,pull-request-labeled.yml,41,2,1,pull_request_target,3
langchain-ai_langchain___compile_integration_test.yml,18.7556,langchain-ai/langchain,_compile_integration_test.yml,52,1,1,workflow_call,2
vercel_next.js__integration_tests_reusable.yml,15.0141,vercel/next.js,integration_tests_reusable.yml,171,6,1,workflow_call,7
yt-dlp_yt-dlp__core.yml,15.1616,yt-dlp/yt-dlp,core.yml,66,1,2,"push, pull_request",2
electron_electron__stable-prep-items.yml,16.1636,electron/electron,stable-prep-items.yml,35,1,2,"schedule, workflow_dispatch",2
langchain-ai_langchain___test_pydantic.yml,17.5812,langchain-ai/langchain,_test_pydantic.yml,63,1,1,workflow_call,2
EbookFoundation_free-programming-books__detect-conflicting-prs.yml,15.8499,EbookFoundation/free-programming-books,detect-conflicting-prs.yml,73,1,3,"workflow_dispatch, push, pull_request_target",1
electron_electron__macos-publish.yml,15.4792,electron/electron,macos-publish.yml,103,5,1,workflow_dispatch,6
trekhleb_javascript-algorithms__CI.yml,14.0289,trekhleb/javascript-algorithms,CI.yml,35,1,2,"push, pull_request",3
vercel_next.js__rspack-nextjs-dev-integration-tests.yml,13.2305,vercel/next.js,rspack-nextjs-dev-integration-tests.yml,25,1,2,"schedule, workflow_dispatch",1
n8n-io_n8n__test-workflows-nightly.yml,13.3968,n8n-io/n8n,test-workflows-nightly.yml,26,1,2,"schedule, workflow_dispatch",1
alibaba_tengine__test-nginx-core.yml,13.0311,alibaba/tengine,test-nginx-core.yml,152,1,2,"push, pull_request",4
facebook_rocksdb__nightly.yml,12.9488,facebook/rocksdb,nightly.yml,147,10,2,"schedule, workflow_dispatch",33
jwasham_coding-interview-university__links_checker.yml,12.9252,jwasham/coding-interview-university,links_checker.yml,85,1,2,"workflow_dispatch, schedule",6
Significant-Gravitas_AutoGPT__classic-autogpts-ci.yml,12.3862,Significant-Gravitas/AutoGPT,classic-autogpts-ci.yml,76,1,4,"workflow_dispatch, schedule, push, pull_request",2
n8n-io_n8n__notify-pr-status.yml,13.7937,n8n-io/n8n,notify-pr-status.yml,27,1,2,"pull_request_review, pull_request",1
TheAlgorithms_Python__ruff.yml,12.8708,TheAlgorithms/Python,ruff.yml,16,1,2,"push, pull_request",2
facebook_react__shared_check_maintainer.yml,12.8375,facebook/react,shared_check_maintainer.yml,58,1,1,workflow_call,1
Significant-Gravitas_AutoGPT__platform-frontend-ci.yml,12.698,Significant-Gravitas/AutoGPT,platform-frontend-ci.yml,156,4,3,"push, pull_request, merge_group",11
electron_electron__pipeline-segment-node-nan-test.yml,12.9405,electron/electron,pipeline-segment-node-nan-test.yml,146,2,1,workflow_call,12
twbs_bootstrap__codeql.yml,12.816,twbs/bootstrap,codeql.yml,44,1,4,"push, pull_request, schedule, workflow_dispatch",4
nodejs_node__license-builder.yml,13.2698,nodejs/node,license-builder.yml,38,1,2,"schedule, workflow_dispatch",2
nodejs_node__label-flaky-test-issue.yml,13.2686,nodejs/node,label-flaky-test-issue.yml,52,1,1,issues,0
vercel_next.js__test-turbopack-rust-bench-test.yml,13.3466,vercel/next.js,test-turbopack-rust-bench-test.yml,69,1,1,workflow_call,3
facebook_facebook-ios-sdk__stale.yml,13.0138,facebook/facebook-ios-sdk,stale.yml,24,1,1,schedule,1
ossu_computer-science__delete-empty-issues.yml,13.7623,ossu/computer-science,delete-empty-issues.yml,35,1,1,issues,2
yt-dlp_yt-dlp__sanitize-comment.yml,13.7459,yt-dlp/yt-dlp,sanitize-comment.yml,17,1,1,issue_comment,1
huggingface_transformers__self-nightly-caller.yml,13.7532,huggingface/transformers,self-nightly-caller.yml,43,3,3,"repository_dispatch, schedule, push",3
langchain-ai_langchain__people.yml,14.4417,langchain-ai/langchain,people.yml,26,1,3,"schedule, push, workflow_dispatch",2
langchain-ai_langchain___test_release.yml,12.7456,langchain-ai/langchain,_test_release.yml,106,2,1,workflow_call,6
google_truth__ci.yml,13.2403,google/truth,ci.yml,82,3,2,"push, pull_request",7
n8n-io_n8n__benchmark-destroy-nightly.yml,13.7059,n8n-io/n8n,benchmark-destroy-nightly.yml,46,1,2,"schedule, workflow_dispatch",3
langchain-ai_langchain___test.yml,13.9399,langchain-ai/langchain,_test.yml,75,1,1,workflow_call,2
EbookFoundation_free-programming-books__rtl-ltr-linter.yml,13.5265,EbookFoundation/free-programming-books,rtl-ltr-linter.yml,101,1,1,pull_request,4
n8n-io_n8n__e2e-tests.yml,13.7964,n8n-io/n8n,e2e-tests.yml,70,3,2,"schedule, workflow_dispatch",2
excalidraw_excalidraw__locales-coverage.yml,13.3765,excalidraw/excalidraw,locales-coverage.yml,47,1,1,push,3
nodejs_node__close-stalled.yml,12.7933,nodejs/node,close-stalled.yml,36,1,1,schedule,1
facebook_react__runtime_prereleases.yml,13.2552,facebook/react,runtime_prereleases.yml,112,1,1,workflow_call,4
vuejs_vue__ci.yml,13.2495,vuejs/vue,ci.yml,93,4,2,"push, pull_request",12
krahets_hello-algo__swift.yml,13.3126,krahets/hello-algo,swift.yml,25,1,3,"push, pull_request, workflow_dispatch",1
airbnb_javascript__require-allow-edits.yml,13.5081,airbnb/javascript,require-allow-edits.yml,12,1,1,pull_request_target,1
freeCodeCamp_freeCodeCamp__github-no-web-commits.yml,13.2658,freeCodeCamp/freeCodeCamp,github-no-web-commits.yml,60,1,1,pull_request_target,2
google_blockly__welcome_new_contributors.yml,13.6394,google/blockly,welcome_new_contributors.yml,36,1,1,pull_request_target,1
nodejs_node__doc.yml,13.238,nodejs/node,doc.yml,43,1,2,"pull_request, push",3
excalidraw_excalidraw__publish-docker.yml,12.9316,excalidraw/excalidraw,publish-docker.yml,30,1,1,push,5
flutter_flutter__labeler.yml,13.3139,flutter/flutter,labeler.yml,22,1,1,pull_request_target,1
Genymobile_scrcpy__release.yml,13.1166,Genymobile/scrcpy,release.yml,514,15,1,workflow_dispatch,46
f_awesome-chatgpt-prompts__ai_bot.yml,14.5857,f/awesome-chatgpt-prompts,ai_bot.yml,623,1,4,"issues, issue_comment, pull_request_review_comment, pull_request",3
microsoft_vscode__monaco-editor.yml,13.166,microsoft/vscode,monaco-editor.yml,100,1,2,"push, pull_request",4
freeCodeCamp_freeCodeCamp__github-spam.yml,13.1192,freeCodeCamp/freeCodeCamp,github-spam.yml,23,1,1,pull_request_target,1
oracle_graal__micronaut.yml,12.824,oracle/graal,micronaut.yml,86,1,3,"pull_request, schedule, workflow_dispatch",3
facebook_react-native__needs-attention.yml,12.8783,facebook/react-native,needs-attention.yml,28,1,1,issue_comment,2
google_grr__publish-pypi.yml,12.5537,google/grr,publish-pypi.yml,228,9,1,release,27
Chalarangelo_30-seconds-of-code__test.yml,12.4586,Chalarangelo/30-seconds-of-code,test.yml,23,1,2,"push, pull_request",2
tensorflow_tensorflow__arm-ci-extended.yml,13.3814,tensorflow/tensorflow,arm-ci-extended.yml,65,1,2,"push, schedule",2
rust-lang_rust__dependencies.yml,13.0469,rust-lang/rust,dependencies.yml,155,3,2,"schedule, workflow_dispatch",6
Chalarangelo_30-seconds-of-code__label.yml,12.951,Chalarangelo/30-seconds-of-code,label.yml,22,1,1,pull_request_target,1
facebook_react__runtime_discord_notify.yml,12.8906,facebook/react,runtime_discord_notify.yml,49,3,1,pull_request_target,2
twbs_bootstrap__calibreapp-image-actions.yml,12.4017,twbs/bootstrap,calibreapp-image-actions.yml,32,1,1,pull_request,2
google_grr__build.yml,13.5344,google/grr,build.yml,371,11,2,"push, pull_request",33
huggingface_transformers__release-conda.yml,13.8389,huggingface/transformers,release-conda.yml,47,1,1,push,2
denoland_deno__wpt_epoch.yml,14.9628,denoland/deno,wpt_epoch.yml,80,1,2,"schedule, workflow_dispatch",3
airbnb_javascript__node.yml,13.403,airbnb/javascript,node.yml,163,6,2,"pull_request, push",11
langchain-ai_langchain___lint.yml,13.1918,langchain-ai/langchain,_lint.yml,76,1,1,workflow_call,2
vercel_next.js__turbopack-nextjs-build-integration-tests.yml,13.1382,vercel/next.js,turbopack-nextjs-build-integration-tests.yml,24,1,2,"schedule, workflow_dispatch",1
oracle_truffleruby__ci.yml,12.632,oracle/truffleruby,ci.yml,255,9,2,"pull_request, push",36
facebook_react-native__prebuild-ios-dependencies.yml,13.2707,facebook/react-native,prebuild-ios-dependencies.yml,202,3,1,workflow_call,25
n8n-io_n8n__chromatic.yml,13.0915,n8n-io/n8n,chromatic.yml,98,2,3,"schedule, workflow_dispatch, pull_request_review",7
NVIDIA_cutlass__stale.yml,13.1762,NVIDIA/cutlass,stale.yml,57,2,1,schedule,2
yt-dlp_yt-dlp__issue-lockdown.yml,13.2918,yt-dlp/yt-dlp,issue-lockdown.yml,21,1,1,issues,0
n8n-io_n8n__test-workflows-callable.yml,13.3018,n8n-io/n8n,test-workflows-callable.yml,215,1,1,workflow_call,2
nodejs_node__update-openssl.yml,12.7925,nodejs/node,update-openssl.yml,60,1,2,"schedule, workflow_dispatch",3
facebook_react-native__create-draft-release.yml,13.3864,facebook/react-native,create-draft-release.yml,29,1,1,workflow_call,3
nodejs_node__scorecard.yml,13.0777,nodejs/node,scorecard.yml,78,1,4,"branch_protection_rule, schedule, push, workflow_dispatch",5
facebook_react__runtime_fuzz_tests.yml,12.9606,facebook/react,runtime_fuzz_tests.yml,33,1,3,"schedule, push, workflow_dispatch",2
Significant-Gravitas_AutoGPT__repo-pr-label.yml,12.4396,Significant-Gravitas/AutoGPT,repo-pr-label.yml,66,3,2,"push, pull_request_target",3
freeCodeCamp_freeCodeCamp__i18n-validate-prs.yml,13.2988,freeCodeCamp/freeCodeCamp,i18n-validate-prs.yml,61,1,1,pull_request,4
facebook_react-native__publish-bumped-packages.yml,13.01,facebook/react-native,publish-bumped-packages.yml,28,1,1,push,3
electron_electron__windows-publish.yml,13.5223,electron/electron,windows-publish.yml,89,4,1,workflow_dispatch,5
IBM_sarama__cache-cleanup.yml,13.2846,IBM/sarama,cache-cleanup.yml,33,1,1,pull_request,0
nodejs_node__close-stale-pull-requests.yml,13.0237,nodejs/node,close-stale-pull-requests.yml,59,1,1,workflow_dispatch,1
vercel_next.js__rspack-nextjs-build-integration-tests.yml,13.1782,vercel/next.js,rspack-nextjs-build-integration-tests.yml,25,1,2,"schedule, workflow_dispatch",1
d3_d3__test.yml,13.2318,d3/d3,test.yml,24,1,2,"push, pull_request",2
freeCodeCamp_freeCodeCamp__github-no-i18n-via-prs.yml,13.0559,freeCodeCamp/freeCodeCamp,github-no-i18n-via-prs.yml,34,1,1,pull_request_target,1
Significant-Gravitas_AutoGPT__classic-autogpt-docker-ci.yml,12.9619,Significant-Gravitas/AutoGPT,classic-autogpt-docker-ci.yml,166,2,2,"push, pull_request",7
huggingface_transformers__self-push-caller.yml,13.4924,huggingface/transformers,self-push-caller.yml,54,3,1,push,3
d3_d3__deploy.yml,11.6969,d3/d3,deploy.yml,36,1,2,"workflow_dispatch, push",6
twbs_bootstrap__bundlewatch.yml,13.1717,twbs/bootstrap,bundlewatch.yml,43,1,3,"push, pull_request, workflow_dispatch",2
facebook_rocksdb__nightly-candidate.yml,16.1125,facebook/rocksdb,nightly-candidate.yml,19,1,1,workflow_dispatch,4
facebook_react-native__danger-pr.yml,13.7264,facebook/react-native,danger-pr.yml,29,1,1,pull_request_target,4
electron_electron__clean-src-cache.yml,13.5052,electron/electron,clean-src-cache.yml,29,1,1,schedule,0
nodejs_node__build-tarball.yml,13.1504,nodejs/node,build-tarball.yml,108,2,2,"pull_request, push",8
n8n-io_n8n__ci-master.yml,12.6013,n8n-io/n8n,ci-master.yml,80,4,1,push,7
vercel_next.js__build_and_deploy.yml,13.7356,vercel/next.js,build_and_deploy.yml,762,11,3,"push, pull_request, workflow_dispatch",37
excalidraw_excalidraw__autorelease-preview.yml,13.4286,excalidraw/excalidraw,autorelease-preview.yml,55,1,1,issue_comment,5
microsoft_PowerToys__dependency-review.yml,13.3422,microsoft/PowerToys,dependency-review.yml,26,1,1,pull_request,2
airbnb_javascript__rebase.yml,13.5501,airbnb/javascript,rebase.yml,15,1,1,pull_request_target,2
microsoft_TypeScript__create-cherry-pick-pr.yml,12.7804,microsoft/TypeScript,create-cherry-pick-pr.yml,189,1,1,workflow_dispatch,3
facebook_react-native__bump-podfile-lock.yml,13.4126,facebook/react-native,bump-podfile-lock.yml,41,1,1,workflow_call,2
flutter_flutter__tool-test-general.yml,13.1121,flutter/flutter,tool-test-general.yml,30,1,2,"pull_request, push",2
oracle_docker-images__build-and-push-dev-images.yml,13.5654,oracle/docker-images,build-and-push-dev-images.yml,187,2,2,"push, workflow_dispatch",7
vercel_next.js__update_fonts_data.yml,12.9797,vercel/next.js,update_fonts_data.yml,48,1,2,"schedule, workflow_dispatch",2
langgenius_dify__stale.yml,12.6802,langgenius/dify,stale.yml,30,1,1,schedule,1
EbookFoundation_free-programming-books__issues-pinner.yml,13.0294,EbookFoundation/free-programming-books,issues-pinner.yml,64,1,1,issues,2
tensorflow_tensorflow__stale-issues.yml,13.0071,tensorflow/tensorflow,stale-issues.yml,83,1,1,schedule,2
freeCodeCamp_freeCodeCamp__node.js-tests.yml,13.3776,freeCodeCamp/freeCodeCamp,node.js-tests.yml,276,5,2,"push, pull_request",18
yangshun_tech-interview-handbook__tsc.yml,12.8822,yangshun/tech-interview-handbook,tsc.yml,37,1,1,pull_request,2
nodejs_node__test-internet.yml,12.9767,nodejs/node,test-internet.yml,59,1,4,"workflow_dispatch, schedule, pull_request, push",2
flutter_flutter__files-changed.yml,13.6374,flutter/flutter,files-changed.yml,41,1,1,pull_request,2
nodejs_node__lint-release-proposal.yml,13.7852,nodejs/node,lint-release-proposal.yml,78,1,1,push,1
huggingface_transformers__trufflehog.yml,13.5162,huggingface/transformers,trufflehog.yml,20,1,1,push,2
vercel_next.js__upload-tests-manifest.yml,13.2937,vercel/next.js,upload-tests-manifest.yml,44,1,3,"schedule, workflow_dispatch, push",3
microsoft_terminal__spelling2.yml,13.1869,microsoft/terminal,spelling2.yml,204,4,3,"push, pull_request_target, issue_comment",4
microsoft_vscode__basic.yml,12.6134,microsoft/vscode,basic.yml,186,3,1,workflow_dispatch,12
denoland_deno__cargo_publish.yml,13.2961,denoland/deno,cargo_publish.yml,55,1,1,workflow_dispatch,3
vercel_next.js__popular.yml,13.0613,vercel/next.js,popular.yml,30,1,2,"schedule, workflow_dispatch",2
nodejs_node__notify-on-push.yml,13.1051,nodejs/node,notify-on-push.yml,71,2,1,push,3
huggingface_transformers__build_documentation.yml,14.9101,huggingface/transformers,build_documentation.yml,23,1,2,"workflow_dispatch, push",1
freeCodeCamp_freeCodeCamp__docker-docr.yml,14.7851,freeCodeCamp/freeCodeCamp,docker-docr.yml,72,1,2,"workflow_dispatch, workflow_call",2
tensorflow_tensorflow__osv-scanner-scheduled.yml,17.0862,tensorflow/tensorflow,osv-scanner-scheduled.yml,40,1,1,schedule,1
nodejs_node__major-release.yml,15.855,nodejs/node,major-release.yml,49,1,1,schedule,0
awslabs_amazon-ecr-credential-helper__review-dependencies.yml,18.3411,awslabs/amazon-ecr-credential-helper,review-dependencies.yml,24,1,1,pull_request,2
krahets_hello-algo__kotlin.yml,15.9157,krahets/hello-algo,kotlin.yml,24,1,3,"push, pull_request, workflow_dispatch",1
nodejs_node__daily.yml,20.2353,nodejs/node,daily.yml,31,1,2,"workflow_dispatch, schedule",2
google_jimfs__ci.yml,16.9153,google/jimfs,ci.yml,106,3,2,"push, pull_request",10
microsoft_vscode__ci.yml,13.7283,microsoft/vscode,ci.yml,328,4,1,workflow_dispatch,17
electron_electron__pipeline-segment-electron-build.yml,15.7028,electron/electron,pipeline-segment-electron-build.yml,207,1,1,workflow_call,13
facebook_react__runtime_releases_from_npm_manual.yml,18.2592,facebook/react,runtime_releases_from_npm_manual.yml,128,2,1,workflow_dispatch,5
electron_electron__issue-labeled.yml,14.5969,electron/electron,issue-labeled.yml,88,3,1,issues,6
microsoft_TypeScript__close-issues.yml,14.8924,microsoft/TypeScript,close-issues.yml,50,1,2,"schedule, workflow_dispatch",0
axios_axios__pr-guard.yml,16.2155,axios/axios,pr-guard.yml,30,1,1,pull_request,2
huggingface_transformers__self-push-amd-mi250-caller.yml,14.297,huggingface/transformers,self-push-amd-mi250-caller.yml,25,1,1,push,1
denoland_deno__npm_publish.yml,16.594,denoland/deno,npm_publish.yml,45,1,2,"workflow_dispatch, release",3
f_awesome-chatgpt-prompts__csv_linter.yml,16.9609,f/awesome-chatgpt-prompts,csv_linter.yml,77,1,2,"push, pull_request",2
facebook_react-native__cache-reaper.yml,19.2936,facebook/react-native,cache-reaper.yml,20,1,2,"workflow_dispatch, schedule",2
n8n-io_n8n__test-workflows-pr-comment.yml,15.5138,n8n-io/n8n,test-workflows-pr-comment.yml,112,2,1,issue_comment,2
n8n-io_n8n__security-trivy-scan-callable.yml,17.4391,n8n-io/n8n,security-trivy-scan-callable.yml,123,1,2,"workflow_dispatch, workflow_call",4
electron_electron__scorecards.yml,14.3577,electron/electron,scorecards.yml,55,1,3,"branch_protection_rule, schedule, push",4
facebook_react-native__check-nightly.yml,13.0767,facebook/react-native,check-nightly.yml,34,2,2,"workflow_dispatch, schedule",2
tensorflow_tensorflow__arm-ci-extended-cpp.yml,12.9855,tensorflow/tensorflow,arm-ci-extended-cpp.yml,64,1,2,"push, schedule",2
denoland_deno__node_compat_test.yml,13.2821,denoland/deno,node_compat_test.yml,88,2,2,"schedule, workflow_dispatch",10
EbookFoundation_free-programming-books__stale.yml,13.3657,EbookFoundation/free-programming-books,stale.yml,46,1,2,"schedule, workflow_dispatch",1
facebook_react__runtime_prereleases_nightly.yml,13.4086,facebook/react,runtime_prereleases_nightly.yml,51,2,1,schedule,2
huggingface_transformers__upload_pr_documentation.yml,13.5944,huggingface/transformers,upload_pr_documentation.yml,16,1,1,workflow_run,1
vercel_next.js__rspack-update-tests-manifest.yml,12.7302,vercel/next.js,rspack-update-tests-manifest.yml,86,2,2,"schedule, workflow_dispatch",4
facebook_react-native__test-all.yml,13.3459,facebook/react-native,test-all.yml,655,24,3,"workflow_dispatch, pull_request, push",65
facebook_react__shared_cleanup_merged_branch_caches.yml,13.5063,facebook/react,shared_cleanup_merged_branch_caches.yml,41,1,2,"pull_request, workflow_dispatch",0
n8n-io_n8n__test-workflows-pr-approved.yml,13.2566,n8n-io/n8n,test-workflows-pr-approved.yml,27,2,1,pull_request_review,2
huggingface_transformers__assign-reviewers.yml,13.3592,huggingface/transformers,assign-reviewers.yml,26,1,1,pull_request_target,2
tensorflow_tensorflow__release-branch-cherrypick.yml,13.4162,tensorflow/tensorflow,release-branch-cherrypick.yml,71,1,1,workflow_dispatch,2
nodejs_node__coverage-linux-without-intl.yml,13.0427,nodejs/node,coverage-linux-without-intl.yml,84,1,2,"pull_request, push",4
flutter_flutter__coverage.yml,12.7687,flutter/flutter,coverage.yml,29,1,1,push,2
google_blockly__develop_freeze.yml,13.4944,google/blockly,develop_freeze.yml,26,1,1,pull_request,1
goldbergyoni_nodebestpractices__update-date-in-last-update-badge.yml,13.0499,goldbergyoni/nodebestpractices,update-date-in-last-update-badge.yml,39,1,1,push,2
oracle_graal__cdt-inspect.yml,13.3867,oracle/graal,cdt-inspect.yml,92,1,1,schedule,4
oracle_docker-images__build-and-push-oci-cli-image.yml,13.51,oracle/docker-images,build-and-push-oci-cli-image.yml,87,1,4,"workflow_dispatch, schedule, push, pull_request",6
vercel_next.js__force_merge_canary_release_pr.yml,12.9063,vercel/next.js,force_merge_canary_release_pr.yml,23,1,1,pull_request,0
langchain-ai_langchain___release.yml,12.8055,langchain-ai/langchain,_release.yml,495,7,2,"workflow_call, workflow_dispatch",19
electron_electron__archaeologist-dig.yml,13.1559,electron/electron,archaeologist-dig.yml,65,1,1,pull_request,5
Significant-Gravitas_AutoGPT__classic-benchmark-ci.yml,13.1516,Significant-Gravitas/AutoGPT,classic-benchmark-ci.yml,176,2,2,"push, pull_request",7
facebook_facebook-android-sdk__stale.yml,13.5143,facebook/facebook-android-sdk,stale.yml,18,1,1,schedule,1
facebook_react-native__nightly.yml,13.2758,facebook/react-native,nightly.yml,203,11,2,"workflow_dispatch, schedule",18
krahets_hello-algo__javascript.yml,13.6231,krahets/hello-algo,javascript.yml,27,1,3,"push, pull_request, workflow_dispatch",3
krahets_hello-algo__cpp.yml,12.865,krahets/hello-algo,cpp.yml,72,1,3,"push, pull_request, workflow_dispatch",1
microsoft_PowerToys__spelling2.yml,13.1703,microsoft/PowerToys,spelling2.yml,209,4,3,"push, pull_request_target, issue_comment",4
nodejs_node__coverage-windows.yml,13.2737,nodejs/node,coverage-windows.yml,76,1,2,"pull_request, push",3
vercel_next.js__turbopack-update-tests-manifest.yml,12.8257,vercel/next.js,turbopack-update-tests-manifest.yml,82,2,2,"schedule, workflow_dispatch",4
oracle_opengrok__build.yml,12.546,oracle/opengrok,build.yml,64,1,3,"push, pull_request, schedule",5
n8n-io_n8n__linting-reusable.yml,13.3778,n8n-io/n8n,linting-reusable.yml,45,1,1,workflow_call,2
microsoft_TypeScript__sync-wiki.yml,13.5006,microsoft/TypeScript,sync-wiki.yml,30,1,1,gollum,1
excalidraw_excalidraw__build-docker.yml,13.5231,excalidraw/excalidraw,build-docker.yml,13,1,1,push,1
n8n-io_n8n__docker-images-benchmark.yml,13.3917,n8n-io/n8n,docker-images-benchmark.yml,45,1,2,"workflow_dispatch, push",5
Significant-Gravitas_AutoGPT__classic-autogpt-ci.yml,13.3871,Significant-Gravitas/AutoGPT,classic-autogpt-ci.yml,145,1,2,"push, pull_request",7
alibaba_tengine__ci-arm64.yml,13.307,alibaba/tengine,ci-arm64.yml,90,1,2,"push, pull_request",3
yt-dlp_yt-dlp__release-nightly.yml,13.4359,yt-dlp/yt-dlp,release-nightly.yml,60,3,1,schedule,4
huggingface_transformers__self-push-amd-mi300-caller.yml,13.4356,huggingface/transformers,self-push-amd-mi300-caller.yml,25,1,1,push,1
f_awesome-chatgpt-prompts__publish.yml,14.0228,f/awesome-chatgpt-prompts,publish.yml,39,1,1,push,3
facebook_react__compiler_prereleases_nightly.yml,13.1527,facebook/react,compiler_prereleases_nightly.yml,23,1,1,schedule,1
NVIDIA_cutlass__labeler.yml,12.6,NVIDIA/cutlass,labeler.yml,11,1,1,pull_request_target,1
goldbergyoni_nodebestpractices__lint-and-generate-html-from-markdown.yml,13.6239,goldbergyoni/nodebestpractices,lint-and-generate-html-from-markdown.yml,30,1,2,"push, pull_request",2
excalidraw_excalidraw__test.yml,13.2566,excalidraw/excalidraw,test.yml,19,1,1,push,2
twbs_bootstrap__node-sass.yml,12.7869,twbs/bootstrap,node-sass.yml,49,1,3,"push, pull_request, workflow_dispatch",2
facebook_create-react-app__build-and-test.yml,12.8142,facebook/create-react-app,build-and-test.yml,76,5,2,"push, pull_request",7
electron_electron__non-maintainer-dependency-change.yml,13.4348,electron/electron,non-maintainer-dependency-change.yml,37,1,1,pull_request_target,0
yt-dlp_yt-dlp__release.yml,13.6978,yt-dlp/yt-dlp,release.yml,394,4,2,"workflow_call, workflow_dispatch",10
huggingface_transformers__ssh-runner.yml,13.3302,huggingface/transformers,ssh-runner.yml,113,2,1,workflow_dispatch,1
nodejs_node__commit-queue.yml,12.6958,nodejs/node,commit-queue.yml,99,2,1,schedule,2
facebook_hhvm__ubuntu.yml,13.4555,facebook/hhvm,ubuntu.yml,71,1,2,"push, pull_request",2
langgenius_dify__deploy-dev.yml,13.1109,langgenius/dify,deploy-dev.yml,24,1,1,workflow_run,1
axios_axios__labeler.yml,13.0691,axios/axios,labeler.yml,32,1,2,"pull_request_target, workflow_dispatch",2
n8n-io_n8n__release-create-pr.yml,13.6412,n8n-io/n8n,release-create-pr.yml,71,1,1,workflow_dispatch,3
yt-dlp_yt-dlp__download.yml,12.9075,yt-dlp/yt-dlp,download.yml,48,2,2,"push, pull_request",4
n8n-io_n8n__docker-base-image.yml,13.503,n8n-io/n8n,docker-base-image.yml,55,1,1,workflow_dispatch,6
langgenius_dify__build-push.yml,12.1815,langgenius/dify,build-push.yml,149,2,1,push,9
electron_electron__issue-opened.yml,13.4624,electron/electron,issue-opened.yml,148,2,1,issues,5
alibaba_ice__release.yml,14.1516,alibaba/ice,release.yml,48,1,1,push,4
TheAlgorithms_Python__project_euler.yml,12.8153,TheAlgorithms/Python,project_euler.yml,35,2,2,"pull_request, schedule",6
facebook_folly__TagIt.yml,13.5952,facebook/folly,TagIt.yml,73,1,1,push,4
flutter_flutter__mirror.yml,13.0724,flutter/flutter,mirror.yml,28,1,1,push,1
sindresorhus_awesome__main.yml,12.8526,sindresorhus/awesome,main.yml,14,1,1,pull_request,1
alibaba_ice__website.yml,12.8114,alibaba/ice,website.yml,41,1,2,"push, workflow_dispatch",4
facebook_folly__getdeps_linux.yml,13.5997,facebook/folly,getdeps_linux.yml,464,1,2,"push, pull_request",46
facebook_rocksdb__pr-jobs.yml,12.7595,facebook/rocksdb,pr-jobs.yml,585,32,2,"push, pull_request",115
n8n-io_n8n__e2e-flaky.yml,13.121,n8n-io/n8n,e2e-flaky.yml,68,1,1,workflow_dispatch,4
Significant-Gravitas_AutoGPT__platform-backend-ci.yml,13.4476,Significant-Gravitas/AutoGPT,platform-backend-ci.yml,227,1,3,"push, pull_request, merge_group",5
facebook_fbthrift__getdeps_mac.yml,13.0325,facebook/fbthrift,getdeps_mac.yml,557,1,2,"push, pull_request",56
IBM_sarama__fuzz.yml,13.55,IBM/sarama,fuzz.yml,41,1,3,"merge_group, push, pull_request",2
facebook_watchman__getdeps_mac.yml,13.3934,facebook/watchman,getdeps_mac.yml,664,1,2,"push, pull_request",69
langgenius_dify__deploy-rag-dev.yml,13.4727,langgenius/dify,deploy-rag-dev.yml,28,1,1,workflow_run,1
nodejs_node__comment-labeled.yml,13.1332,nodejs/node,comment-labeled.yml,55,3,2,"issues, pull_request_target",0
mrdoob_three.js__report-size.yml,12.6727,mrdoob/three.js,report-size.yml,272,1,1,workflow_run,5
AUTOMATIC1111_stable-diffusion-webui__warns_merge_master.yml,13.2363,AUTOMATIC1111/stable-diffusion-webui,warns_merge_master.yml,19,1,1,pull_request,0
tensorflow_tensorflow__pylint-presubmit.yml,12.9917,tensorflow/tensorflow,pylint-presubmit.yml,50,1,1,pull_request,3
twbs_bootstrap__issue-close-require.yml,12.9274,twbs/bootstrap,issue-close-require.yml,26,1,1,schedule,1
axios_axios__notify.yml,13.4326,axios/axios,notify.yml,51,1,1,workflow_dispatch,2
facebook_react__shared_close_direct_sync_branch_prs.yml,12.8229,facebook/react,shared_close_direct_sync_branch_prs.yml,42,1,1,pull_request,1
facebook_react__devtools_regression_tests.yml,14.8106,facebook/react,devtools_regression_tests.yml,205,4,2,"schedule, workflow_dispatch",21
oracle_docker-images__build-and-push-nosql-sec-image.yml,15.6913,oracle/docker-images,build-and-push-nosql-sec-image.yml,74,1,2,"push, workflow_dispatch",6
tensorflow_tensorflow__issue-on-pr-rollback.yml,15.5732,tensorflow/tensorflow,issue-on-pr-rollback.yml,43,1,1,push,2
google_go-querystring__linter.yml,15.7478,google/go-querystring,linter.yml,17,1,2,"push, pull_request",2
public-apis_public-apis__validate_links.yml,16.6974,public-apis/public-apis,validate_links.yml,28,1,2,"workflow_dispatch, schedule",2
NVIDIA_k8s-device-plugin__deploy-to-pages.yml,14.3524,NVIDIA/k8s-device-plugin,deploy-to-pages.yml,79,2,3,"push, workflow_call, workflow_dispatch",5
vercel_next.js__issue_stale.yml,15.7778,vercel/next.js,issue_stale.yml,73,1,2,"workflow_dispatch, schedule",4
vercel_next.js__triage.yml,15.4722,vercel/next.js,triage.yml,47,1,2,"issues, issue_comment",1
facebook_react__runtime_commit_artifacts.yml,16.2219,facebook/react,runtime_commit_artifacts.yml,471,4,2,"workflow_run, workflow_dispatch",14
Snailclimb_JavaGuide__test.yml,16.8671,Snailclimb/JavaGuide,test.yml,30,1,2,"push, pull_request",3
oracle_graal__spring.yml,14.2108,oracle/graal,spring.yml,78,1,3,"pull_request, schedule, workflow_dispatch",3
electron_electron__issue-unlabeled.yml,17.2217,electron/electron,issue-unlabeled.yml,39,1,1,issues,2
microsoft_PowerToys__msstore-submissions.yml,15.7325,microsoft/PowerToys,msstore-submissions.yml,89,1,2,"workflow_dispatch, release",4
facebook_watchman__getdeps_windows.yml,15.5856,facebook/watchman,getdeps_windows.yml,634,1,2,"push, pull_request",65
Significant-Gravitas_AutoGPT__claude.yml,12.9546,Significant-Gravitas/AutoGPT,claude.yml,47,1,4,"issue_comment, pull_request_review_comment, issues, pull_request_review",2
google_dagger__ci.yml,12.7543,google/dagger,ci.yml,203,12,2,"push, pull_request",27
nodejs_node__daily-wpt-fyi.yml,12.4715,nodejs/node,daily-wpt-fyi.yml,162,2,2,"workflow_dispatch, schedule",6
excalidraw_excalidraw__sentry-production.yml,12.9675,excalidraw/excalidraw,sentry-production.yml,37,1,1,push,2
axios_axios__pr.yml,13.2537,axios/axios,pr.yml,84,1,1,workflow_dispatch,6
microsoft_vscode__no-yarn-lock-changes.yml,12.652,microsoft/vscode,no-yarn-lock-changes.yml,51,1,1,pull_request,2
twbs_bootstrap__release-notes.yml,14.6642,twbs/bootstrap,release-notes.yml,23,1,2,"push, workflow_dispatch",1
vuejs_vue__release-tag.yml,15.3285,vuejs/vue,release-tag.yml,23,1,1,push,2
huggingface_transformers__self-scheduled-amd-mi300-caller.yml,14.4566,huggingface/transformers,self-scheduled-amd-mi300-caller.yml,63,4,2,"workflow_run, push",4
freeCodeCamp_freeCodeCamp__docker-ghcr.yml,13.9078,freeCodeCamp/freeCodeCamp,docker-ghcr.yml,60,1,2,"workflow_dispatch, push",5
TheAlgorithms_Python__directory_writer.yml,15.544,TheAlgorithms/Python,directory_writer.yml,25,1,1,push,2
Significant-Gravitas_AutoGPT__classic-frontend-ci.yml,15.0292,Significant-Gravitas/AutoGPT,classic-frontend-ci.yml,60,1,2,"push, pull_request",3
alibaba_ice__version.yml,15.6388,alibaba/ice,version.yml,44,1,1,push,4
facebook_react__compiler_prereleases.yml,16.5052,facebook/react,compiler_prereleases.yml,61,1,1,workflow_call,3
freeCodeCamp_freeCodeCamp__deploy-api.yml,15.4611,freeCodeCamp/freeCodeCamp,deploy-api.yml,225,3,1,workflow_dispatch,2
awslabs_amazon-ecr-credential-helper__codeql.yml,14.3006,awslabs/amazon-ecr-credential-helper,codeql.yml,42,1,3,"push, pull_request, schedule",3
facebook_react__shared_stale.yml,15.8805,facebook/react,shared_stale.yml,55,1,2,"schedule, workflow_dispatch",1
excalidraw_excalidraw__test-coverage-pr.yml,16.3541,excalidraw/excalidraw,test-coverage-pr.yml,26,1,1,pull_request,3
IBM_sarama__codeql-analysis.yml,14.9553,IBM/sarama,codeql-analysis.yml,52,1,4,"merge_group, push, pull_request, schedule",5
airbnb_javascript__node-pretest.yml,16.2296,airbnb/javascript,node-pretest.yml,26,1,2,"pull_request, push",2
facebook_react__compiler_playground.yml,16.2124,facebook/react,compiler_playground.yml,71,1,2,"push, pull_request",5
langgenius_dify__vdb-tests.yml,15.5553,langgenius/dify,vdb-tests.yml,97,1,1,pull_request,5
electron_electron__branch-created.yml,14.2986,electron/electron,branch-created.yml,128,1,2,"workflow_dispatch, create",5
huggingface_transformers__build-past-ci-docker-images.yml,15.0558,huggingface/transformers,build-past-ci-docker-images.yml,101,2,1,push,8
mrdoob_three.js__codeql-code-scanning.yml,14.1285,mrdoob/three.js,codeql-code-scanning.yml,45,1,4,"push, pull_request, schedule, workflow_dispatch",4
huggingface_transformers__build-ci-docker-images.yml,15.008,huggingface/transformers,build-ci-docker-images.yml,77,2,4,"push, repository_dispatch, workflow_call, schedule",5
nodejs_node__test-linux.yml,15.2663,nodejs/node,test-linux.yml,70,1,2,"pull_request, push",3
vercel_next.js__triage_with_ai.yml,16.5196,vercel/next.js,triage_with_ai.yml,22,1,1,issues,2
facebook_react__runtime_eslint_plugin_e2e.yml,14.1416,facebook/react,runtime_eslint_plugin_e2e.yml,65,1,2,"push, pull_request",3
Significant-Gravitas_AutoGPT__repo-close-stale-issues.yml,15.7064,Significant-Gravitas/AutoGPT,repo-close-stale-issues.yml,34,1,2,"schedule, workflow_dispatch",1
huggingface_transformers__check_tiny_models.yml,16.1352,huggingface/transformers,check_tiny_models.yml,82,1,3,"push, repository_dispatch, schedule",6
open-webui_open-webui__deploy-to-hf-spaces.yml,17.1281,open-webui/open-webui,deploy-to-hf-spaces.yml,63,2,2,"push, workflow_dispatch",1
huggingface_transformers__self-push-amd.yml,15.3276,huggingface/transformers,self-push-amd.yml,334,5,1,workflow_call,5
huggingface_transformers__new_model_pr_merged_notification.yml,15.5513,huggingface/transformers,new_model_pr_merged_notification.yml,68,1,1,push,2
facebook_react-native__create-release.yml,15.8491,facebook/react-native,create-release.yml,56,1,1,workflow_dispatch,2
facebook_react__runtime_prereleases_manual.yml,15.0265,facebook/react,runtime_prereleases_manual.yml,102,3,1,workflow_dispatch,3
oracle_docker-images__super-linter.yml,14.215,oracle/docker-images,super-linter.yml,31,1,1,pull_request,3
microsoft_TypeScript__codeql.yml,15.738,microsoft/TypeScript,codeql.yml,73,1,3,"push, pull_request, schedule",4
langchain-ai_langchain__check-broken-links.yml,15.0042,langchain-ai/langchain,check-broken-links.yml,25,1,2,"workflow_dispatch, schedule",2
vercel_next.js__retry_deploy_test.yml,19.8287,vercel/next.js,retry_deploy_test.yml,58,2,1,workflow_run,1
google_blockly__conventional-label.yml,18.4973,google/blockly,conventional-label.yml,20,1,1,pull_request_target,1
vercel_next.js__setup-nextjs-build.yml,16.7522,vercel/next.js,setup-nextjs-build.yml,125,1,1,workflow_call,8
IBM_sarama__fvt-pr.yml,16.6733,IBM/sarama,fvt-pr.yml,39,1,1,pull_request,1
facebook_react-native__prebuild-ios-core.yml,17.7637,facebook/react-native,prebuild-ios-core.yml,212,2,1,workflow_call,21
vercel_next.js__cancel.yml,17.8512,vercel/next.js,cancel.yml,17,1,1,pull_request_target,1
huggingface_transformers__self-scheduled-intel-gaudi3-caller.yml,17.5309,huggingface/transformers,self-scheduled-intel-gaudi3-caller.yml,67,5,3,"repository_dispatch, workflow_dispatch, schedule",5
IBM_sarama__dependency-review.yml,20.783,IBM/sarama,dependency-review.yml,33,1,1,pull_request,2
microsoft_TypeScript__scorecard.yml,17.6205,microsoft/TypeScript,scorecard.yml,60,1,3,"branch_protection_rule, schedule, push",4
langchain-ai_langchain__check_diffs.yml,13.452,langchain-ai/langchain,check_diffs.yml,172,8,3,"push, pull_request, merge_group",10
oracle_truffleruby__prism.yml,13.6914,oracle/truffleruby,prism.yml,60,1,2,"workflow_dispatch, schedule",5
alibaba_ice__canary.yml,12.7159,alibaba/ice,canary.yml,55,2,1,push,4
vercel_next.js__pull_request_stats.yml,13.4218,vercel/next.js,pull_request_stats.yml,60,2,1,pull_request,4
f_awesome-chatgpt-prompts__auto_commands.yml,13.5356,f/awesome-chatgpt-prompts,auto_commands.yml,43,1,2,"pull_request, pull_request_target",1
Significant-Gravitas_AutoGPT__classic-autogpt-docker-release.yml,13.7424,Significant-Gravitas/AutoGPT,classic-autogpt-docker-release.yml,87,1,2,"release, workflow_dispatch",4
facebook_react-native__retry-workflow.yml,13.6021,facebook/react-native,retry-workflow.yml,19,1,1,workflow_dispatch,0
alibaba_ice__coverage.yml,13.4702,alibaba/ice,coverage.yml,66,1,3,"push, pull_request, workflow_dispatch",5
vercel_next.js__turbopack-benchmark.yml,12.5698,vercel/next.js,turbopack-benchmark.yml,111,3,3,"workflow_dispatch, push, pull_request",13
nodejs_node__update-v8.yml,13.4577,nodejs/node,update-v8.yml,57,1,2,"schedule, workflow_dispatch",4
langgenius_dify__api-tests.yml,13.7364,langgenius/dify,api-tests.yml,99,1,1,pull_request,4
electron_electron__pipeline-electron-docs-only.yml,12.8309,electron/electron,pipeline-electron-docs-only.yml,42,1,1,workflow_call,2
excalidraw_excalidraw__lint.yml,13.4595,excalidraw/excalidraw,lint.yml,22,1,1,pull_request,2
vercel_next.js__issue_bankrupt.yml,12.97,vercel/next.js,issue_bankrupt.yml,24,1,1,workflow_dispatch,2
google_blockly__build.yml,13.0444,google/blockly,build.yml,85,3,1,pull_request,6
langchain-ai_langchain__codspeed.yml,12.9945,langchain-ai/langchain,codspeed.yml,62,1,3,"push, pull_request, workflow_dispatch",4
oracle_graal__ni-layers.yml,13.3844,oracle/graal,ni-layers.yml,121,2,3,"pull_request, schedule, workflow_dispatch",8
yt-dlp_yt-dlp__build.yml,13.4615,yt-dlp/yt-dlp,build.yml,572,9,2,"workflow_call, workflow_dispatch",22
IBM_sarama__scorecard.yml,13.1377,IBM/sarama,scorecard.yml,78,1,3,"branch_protection_rule, schedule, push",5
open-webui_open-webui__release-pypi.yml,13.6041,open-webui/open-webui,release-pypi.yml,36,1,1,push,4
facebook_react-native__check-for-reproducer.yml,13.4484,facebook/react-native,check-for-reproducer.yml,19,1,1,issues,2
electron_electron__issue-commented.yml,13.0184,electron/electron,issue-commented.yml,26,1,1,issue_comment,1
google_go-querystring__tests.yml,13.2578,google/go-querystring,tests.yml,39,1,2,"push, pull_request",3
oracle_graal__reachability-metadata.yml,13.9181,oracle/graal,reachability-metadata.yml,136,2,3,"pull_request, schedule, workflow_dispatch",7
tensorflow_tensorflow__scorecards-analysis.yml,12.7374,tensorflow/tensorflow,scorecards-analysis.yml,69,1,3,"branch_protection_rule, schedule, push",4
nodejs_node__codeql.yml,12.9705,nodejs/node,codeql.yml,41,1,1,schedule,4
microsoft_vscode__telemetry.yml,13.2532,microsoft/vscode,telemetry.yml,21,1,1,pull_request,2
github_gitignore__stale.yml,12.5715,github/gitignore,stale.yml,32,1,1,schedule,1
tensorflow_tensorflow__arm-cd.yml,12.5032,tensorflow/tensorflow,arm-cd.yml,71,1,2,"push, schedule",2
electron_electron__audit-branch-ci.yml,14.3541,electron/electron,audit-branch-ci.yml,145,1,2,"workflow_dispatch, schedule",2
Significant-Gravitas_AutoGPT__platform-dev-deploy-event-dispatcher.yml,12.4591,Significant-Gravitas/AutoGPT,platform-dev-deploy-event-dispatcher.yml,198,1,2,"pull_request, issue_comment",10
alibaba_tengine__ci.yml,13.326,alibaba/tengine,ci.yml,122,1,2,"push, pull_request",4
denoland_deno__version_bump.yml,13.6457,denoland/deno,version_bump.yml,59,1,1,workflow_dispatch,3
langchain-ai_langchain__scheduled_test.yml,13.0453,langchain-ai/langchain,scheduled_test.yml,172,2,2,"workflow_dispatch, schedule",7
krahets_hello-algo__typescript.yml,12.9801,krahets/hello-algo,typescript.yml,26,1,3,"push, pull_request, workflow_dispatch",2
google_blockly__keyboard_plugin_test.yml,12.9255,google/blockly,keyboard_plugin_test.yml,66,1,3,"workflow_dispatch, pull_request, push",3
google_blockly__appengine_deploy.yml,13.4396,google/blockly,appengine_deploy.yml,54,2,1,workflow_dispatch,4
n8n-io_n8n__docker-build-push.yml,13.735,n8n-io/n8n,docker-build-push.yml,332,3,4,"schedule, workflow_call, workflow_dispatch, pull_request",12
facebook_react-native__close-pr.yml,20.4637,facebook/react-native,close-pr.yml,63,1,1,push,1
langgenius_dify__deploy-enterprise.yml,34.6516,langgenius/dify,deploy-enterprise.yml,29,1,1,workflow_run,1
twbs_bootstrap__js.yml,23.9316,twbs/bootstrap,js.yml,52,1,3,"push, pull_request, workflow_dispatch",3
langchain-ai_langchain__codespell.yml,19.7029,langchain-ai/langchain,codespell.yml,35,1,2,"push, pull_request",2
nodejs_node__commit-lint.yml,18.6642,nodejs/node,commit-lint.yml,32,1,1,pull_request,2
IBM_sarama__stale.yml,18.3308,IBM/sarama,stale.yml,47,1,2,"schedule, workflow_dispatch",1
vercel_next.js__trigger_release_new.yml,14.677,vercel/next.js,trigger_release_new.yml,123,1,1,workflow_dispatch,3
electron_electron__pipeline-segment-electron-test.yml,18.1336,electron/electron,pipeline-segment-electron-test.yml,264,1,1,workflow_call,7
vercel_next.js__issue_lock.yml,19.6522,vercel/next.js,issue_lock.yml,29,1,2,"schedule, workflow_dispatch",1
facebook_create-react-app__e2e-base.yml,18.1154,facebook/create-react-app,e2e-base.yml,35,1,1,workflow_call,2
langgenius_dify__translate-i18n-base-on-english.yml,17.6698,langgenius/dify,translate-i18n-base-on-english.yml,63,1,1,pull_request,4
langchain-ai_langchain__api_doc_build.yml,20.0467,langchain-ai/langchain,api_doc_build.yml,107,1,2,"workflow_dispatch, schedule",5
huggingface_transformers__self-nightly-past-ci-caller.yml,15.2788,huggingface/transformers,self-nightly-past-ci-caller.yml,99,8,2,"schedule, push",7
alibaba_ice__ci.yml,20.7609,alibaba/ice,ci.yml,49,1,1,push,4
NVIDIA_cutlass__new-issues-to-triage-projects.yml,16.1728,NVIDIA/cutlass,new-issues-to-triage-projects.yml,35,1,1,issues,3
vercel_next.js__issue_version.yml,17.0734,vercel/next.js,issue_version.yml,24,1,1,workflow_dispatch,2
vercel_next.js__update_react.yml,15.2652,vercel/next.js,update_react.yml,56,1,2,"schedule, workflow_dispatch",2
langgenius_dify__web-tests.yml,17.9075,langgenius/dify,web-tests.yml,55,1,1,pull_request,4
microsoft_terminal__winget.yml,17.1465,microsoft/terminal,winget.yml,27,1,1,release,0
axios_axios__npm-tag.yml,20.0132,axios/axios,npm-tag.yml,30,1,1,workflow_dispatch,2
n8n-io_n8n__release-publish.yml,17.3013,n8n-io/n8n,release-publish.yml,168,5,1,pull_request,11
vercel_next.js__turbopack-nextjs-dev-integration-tests.yml,17.3691,vercel/next.js,turbopack-nextjs-dev-integration-tests.yml,17,1,2,"schedule, workflow_dispatch",1
EbookFoundation_free-programming-books__check-urls.yml,16.6176,EbookFoundation/free-programming-books,check-urls.yml,132,3,2,"push, pull_request",8
Significant-Gravitas_AutoGPT__codeql.yml,16.009,Significant-Gravitas/AutoGPT,codeql.yml,98,1,4,"push, pull_request, merge_group, schedule",3
vercel_next.js__notify_release.yml,18.0282,vercel/next.js,notify_release.yml,83,2,1,release,3
excalidraw_excalidraw__semantic-pr-title.yml,20.2069,excalidraw/excalidraw,semantic-pr-title.yml,16,1,1,pull_request,1
google_go-github__linter.yml,17.0569,google/go-github,linter.yml,19,1,2,"push, pull_request",2
microsoft_TypeScript__lkg.yml,17.943,microsoft/TypeScript,lkg.yml,49,1,1,workflow_dispatch,2
electron_electron__semantic.yml,16.8486,electron/electron,semantic.yml,26,1,1,pull_request,2
facebook_folly__getdeps_mac.yml,20.9643,facebook/folly,getdeps_mac.yml,424,1,2,"push, pull_request",42
krahets_hello-algo__dotnet.yml,17.1327,krahets/hello-algo,dotnet.yml,39,1,3,"push, pull_request, workflow_dispatch",2
nodejs_node__label-pr.yml,16.85,nodejs/node,label-pr.yml,18,1,1,pull_request_target,1
ohmyzsh_ohmyzsh__installer.yml,18.8706,ohmyzsh/ohmyzsh,installer.yml,56,2,2,"workflow_dispatch, push",2
electron_electron__build.yml,17.8766,electron/electron,build.yml,396,19,3,"workflow_dispatch, push, pull_request",22
tensorflow_tensorflow__arm-ci.yml,21.4029,tensorflow/tensorflow,arm-ci.yml,55,1,1,push,1
EbookFoundation_free-programming-books__fpb-lint.yml,17.0183,EbookFoundation/free-programming-books,fpb-lint.yml,36,1,1,pull_request,3
rust-lang_rust__ghcr.yml,17.7569,rust-lang/rust,ghcr.yml,75,1,2,"workflow_dispatch, schedule",1
yt-dlp_yt-dlp__release-master.yml,14.8497,yt-dlp/yt-dlp,release-master.yml,47,2,1,push,3
nodejs_node__notify-on-review-wanted.yml,15.6163,nodejs/node,notify-on-review-wanted.yml,44,1,2,"issues, pull_request_target",1
ohmyzsh_ohmyzsh__main.yml,20.2704,ohmyzsh/ohmyzsh,main.yml,38,1,2,"pull_request, push",1
vercel_next.js__issue_wrong_template.yml,14.9503,vercel/next.js,issue_wrong_template.yml,21,1,1,issues,2
EbookFoundation_free-programming-books__comment-pr.yml,17.7563,EbookFoundation/free-programming-books,comment-pr.yml,55,1,1,workflow_run,1
huggingface_transformers__self-push.yml,16.5144,huggingface/transformers,self-push.yml,652,6,3,"workflow_run, push, repository_dispatch",7
open-webui_open-webui__build-release.yml,13.9261,open-webui/open-webui,build-release.yml,72,1,1,push,4
oracle_docker-images__build-and-push-nosql-image.yml,12.1162,oracle/docker-images,build-and-push-nosql-image.yml,74,1,2,"push, workflow_dispatch",6
mrdoob_three.js__read-size.yml,13.2774,mrdoob/three.js,read-size.yml,67,1,1,pull_request,3
facebook_facebook-ios-sdk__needs-attention.yml,12.3412,facebook/facebook-ios-sdk,needs-attention.yml,18,1,1,issue_comment,2
nodejs_node__find-inactive-collaborators.yml,12.1391,nodejs/node,find-inactive-collaborators.yml,50,1,2,"schedule, workflow_dispatch",3
oracle_opengrok__docker.yml,14.3216,oracle/opengrok,docker.yml,50,1,3,"push, pull_request, release",2
twbs_bootstrap__browserstack.yml,14.701,twbs/bootstrap,browserstack.yml,46,1,2,"push, workflow_dispatch",2
yt-dlp_yt-dlp__codeql.yml,13.9356,yt-dlp/yt-dlp,codeql.yml,65,1,3,"push, pull_request, schedule",4
axios_axios__stale.yml,14.1404,axios/axios,stale.yml,34,1,1,schedule,1
awslabs_amazon-ecr-credential-helper__check-links.yml,16.9857,awslabs/amazon-ecr-credential-helper,check-links.yml,24,1,3,"workflow_dispatch, schedule, pull_request",2
flutter_flutter__easy-cp.yml,15.2064,flutter/flutter,easy-cp.yml,87,1,1,pull_request_target,1
langchain-ai_langchain___test_doc_imports.yml,14.5192,langchain-ai/langchain,_test_doc_imports.yml,50,1,1,workflow_call,2
ohmyzsh_ohmyzsh__dependencies.yml,13.9784,ohmyzsh/ohmyzsh,dependencies.yml,36,1,2,"workflow_dispatch, schedule",3
axios_axios__ci.yml,13.7175,axios/axios,ci.yml,61,1,2,"push, pull_request",4
IBM_sarama__fvt.yml,14.0503,IBM/sarama,fvt.yml,87,1,1,workflow_call,5
n8n-io_n8n__ci-postgres-mysql.yml,13.6191,n8n-io/n8n,ci-postgres-mysql.yml,229,6,4,"schedule, workflow_dispatch, pull_request, pull_request_review",24
google_blockly__tag_module_cleanup.yml,15.117,google/blockly,tag_module_cleanup.yml,37,1,1,pull_request_target,1
huggingface_transformers__push-important-models.yml,14.0076,huggingface/transformers,push-important-models.yml,135,2,1,push,8
langchain-ai_langchain___integration_test.yml,14.2252,langchain-ai/langchain,_integration_test.yml,89,1,1,workflow_dispatch,2
facebook_react-native__generate-changelog.yml,13.8353,facebook/react-native,generate-changelog.yml,28,1,1,workflow_call,3
huggingface_transformers__self-scheduled-intel-gaudi.yml,14.9142,huggingface/transformers,self-scheduled-intel-gaudi.yml,345,7,1,workflow_call,11
ohmyzsh_ohmyzsh__project.yml,14.471,ohmyzsh/ohmyzsh,project.yml,146,1,2,"issues, pull_request_target",1
huggingface_transformers__pr-style-bot.yml,14.9276,huggingface/transformers,pr-style-bot.yml,18,1,1,issue_comment,1
public-apis_public-apis__test_of_validate_package.yml,14.6249,public-apis/public-apis,test_of_validate_package.yml,29,1,2,"push, pull_request",2
huggingface_transformers__self-scheduled-amd-mi250-caller.yml,14.2221,huggingface/transformers,self-scheduled-amd-mi250-caller.yml,59,4,2,"workflow_run, push",4
facebook_fbthrift__getdeps_windows.yml,14.7149,facebook/fbthrift,getdeps_windows.yml,518,1,2,"push, pull_request",52
electron_electron__stale.yml,14.5883,electron/electron,stale.yml,52,2,2,"workflow_dispatch, schedule",4
NVIDIA_k8s-device-plugin__publish-helm.yaml,14.0069,NVIDIA/k8s-device-plugin,publish-helm.yaml,69,3,1,release,4
avelino_awesome-go__tests.yaml,15.0647,avelino/awesome-go,tests.yaml,22,1,2,"push, pull_request",1
ollama_ollama__release.yaml,13.3559,ollama/ollama,release.yaml,510,11,1,push,37
NVIDIA_k8s-device-plugin__stale.yaml,14.2798,NVIDIA/k8s-device-plugin,stale.yaml,27,1,1,schedule,1
NVIDIA_k8s-device-plugin__basic-checks.yaml,14.0205,NVIDIA/k8s-device-plugin,basic-checks.yaml,43,4,2,"workflow_call, pull_request",4
alibaba_transmittable-thread-local__strong_ci.yaml,13.7027,alibaba/transmittable-thread-local,strong_ci.yaml,46,1,3,"push, pull_request, workflow_dispatch",3
avelino_awesome-go__site-deploy.yaml,13.2807,avelino/awesome-go,site-deploy.yaml,40,1,1,push,3
NVIDIA_k8s-device-plugin__e2e.yaml,14.2864,NVIDIA/k8s-device-plugin,e2e.yaml,87,1,1,workflow_call,5
microsoft_TypeScript__twoslash-repros.yaml,16.0598,microsoft/TypeScript,twoslash-repros.yaml,65,1,2,"schedule, workflow_dispatch",4
alibaba_druid__ci.yaml,17.3963,alibaba/druid,ci.yaml,44,1,2,"push, pull_request",3
avelino_awesome-go__run-check.yaml,15.8216,avelino/awesome-go,run-check.yaml,22,1,2,"workflow_dispatch, schedule",1
microsoft_TypeScript__error-deltas-watchdog.yaml,13.8632,microsoft/TypeScript,error-deltas-watchdog.yaml,45,1,2,"workflow_dispatch, schedule",0
open-webui_open-webui__docker-build.yaml,17.7457,open-webui/open-webui,docker-build.yaml,642,8,2,"workflow_dispatch, push",48
awslabs_amazon-ecr-credential-helper__build.yaml,14.0124,awslabs/amazon-ecr-credential-helper,build.yaml,55,3,2,"push, pull_request",5
microsoft_TypeScript__sync-branch.yaml,13.4557,microsoft/TypeScript,sync-branch.yaml,76,1,1,workflow_dispatch,3
AUTOMATIC1111_stable-diffusion-webui__on_pull_request.yaml,13.6849,AUTOMATIC1111/stable-diffusion-webui,on_pull_request.yaml,38,2,2,"push, pull_request",4
microsoft_TypeScript__accept-baselines-fix-lints.yaml,14.98,microsoft/TypeScript,accept-baselines-fix-lints.yaml,39,1,1,workflow_dispatch,2
NVIDIA_k8s-device-plugin__ci.yaml,15.1088,NVIDIA/k8s-device-plugin,ci.yaml,45,3,1,push,3
flutter_flutter__lock.yaml,13.103,flutter/flutter,lock.yaml,35,1,1,schedule,1
microsoft_TypeScript__insiders.yaml,14.3873,microsoft/TypeScript,insiders.yaml,65,2,2,"workflow_dispatch, repository_dispatch",4
microsoft_TypeScript__new-release-branch.yaml,13.8397,microsoft/TypeScript,new-release-branch.yaml,95,1,1,workflow_dispatch,3
open-webui_open-webui__format-build-frontend.yaml,14.1855,open-webui/open-webui,format-build-frontend.yaml,65,2,2,"push, pull_request",4
axios_axios__depsreview.yaml,14.286,axios/axios,depsreview.yaml,16,1,1,pull_request,2
ollama_ollama__latest.yaml,14.1531,ollama/ollama,latest.yaml,24,1,1,release,2
freeCodeCamp_freeCodeCamp__github-labeler.yaml,14.4891,freeCodeCamp/freeCodeCamp,github-labeler.yaml,24,1,1,pull_request_target,1
NVIDIA_k8s-device-plugin__code_scanning.yaml,13.9579,NVIDIA/k8s-device-plugin,code_scanning.yaml,54,1,1,workflow_call,4
microsoft_TypeScript__nightly.yaml,13.447,microsoft/TypeScript,nightly.yaml,65,2,2,"schedule, workflow_dispatch",4
NVIDIA_k8s-device-plugin__variables.yaml,14.4255,NVIDIA/k8s-device-plugin,variables.yaml,45,1,1,workflow_call,1
open-webui_open-webui__format-backend.yaml,14.438,open-webui/open-webui,format-backend.yaml,49,1,2,"push, pull_request",2
langgenius_dify__tool-test-sdks.yaml,13.8111,langgenius/dify,tool-test-sdks.yaml,43,1,1,pull_request,2
microsoft_TypeScript__release-branch-artifact.yaml,13.925,microsoft/TypeScript,release-branch-artifact.yaml,50,1,1,push,3
NVIDIA_k8s-device-plugin__golang.yaml,13.9882,NVIDIA/k8s-device-plugin,golang.yaml,65,3,1,workflow_call,7
AUTOMATIC1111_stable-diffusion-webui__run_tests.yaml,17.2431,AUTOMATIC1111/stable-diffusion-webui,run_tests.yaml,81,1,2,"push, pull_request",5
alibaba_transmittable-thread-local__ci.yaml,14.1417,alibaba/transmittable-thread-local,ci.yaml,49,1,3,"push, pull_request, workflow_dispatch",2
microsoft_TypeScript__set-version.yaml,13.2752,microsoft/TypeScript,set-version.yaml,99,1,1,workflow_dispatch,3
NVIDIA_k8s-device-plugin__image.yaml,14.1624,NVIDIA/k8s-device-plugin,image.yaml,53,1,1,workflow_call,4
microsoft_TypeScript__update-package-lock.yaml,15.0354,microsoft/TypeScript,update-package-lock.yaml,52,1,2,"schedule, workflow_dispatch",2
avelino_awesome-go__pull-request-first-comment.yaml,13.7949,avelino/awesome-go,pull-request-first-comment.yaml,31,1,1,pull_request_target,1
NVIDIA_k8s-device-plugin__helm.yaml,13.8441,NVIDIA/k8s-device-plugin,helm.yaml,35,1,1,workflow_call,2
Significant-Gravitas_AutoGPT__platform-autogpt-deploy-dev.yaml,14.6804,Significant-Gravitas/AutoGPT,platform-autogpt-deploy-dev.yaml,51,2,1,push,3
ollama_ollama__test.yaml,14.4533,ollama/ollama,test.yaml,244,6,1,pull_request,14
NVIDIA_k8s-device-plugin__release.yaml,14.9772,NVIDIA/k8s-device-plugin,release.yaml,43,1,1,push,2
flutter_flutter__no-response.yaml,13.8455,flutter/flutter,no-response.yaml,44,1,2,"issue_comment, schedule",1
